{
  "12, 28": {
    "count": 8022906,
    "wins": 4114206,
    "win_percentage": 0.5128074540571708
  },
  "11, 27": {
    "count": 3122366,
    "wins": 1640611,
    "win_percentage": 0.5254384015198731
  },
  "9, 17": {
    "count": 163954,
    "wins": 81944,
    "win_percentage": 0.49979872403235054
  },
  "10, 26": {
    "count": 367140,
    "wins": 189344,
    "win_percentage": 0.5157269706379038
  },
  "12, 20": {
    "count": 377219,
    "wins": 166155,
    "win_percentage": 0.4404735710555407
  },
  "1, 18": {
    "count": 67439,
    "wins": 32437,
    "win_percentage": 0.48098281409866694
  },
  "6, 21": {
    "count": 315952,
    "wins": 162733,
    "win_percentage": 0.5150560844685269
  },
  "11, 19": {
    "count": 108331,
    "wins": 46726,
    "win_percentage": 0.43132621317997616
  },
  "14, 22": {
    "count": 257326,
    "wins": 127163,
    "win_percentage": 0.49417081833938276
  },
  "13, 21": {
    "count": 10703,
    "wins": 4240,
    "win_percentage": 0.3961506119779501
  },
  "13, 29": {
    "count": 113403,
    "wins": 57533,
    "win_percentage": 0.5073322575240514
  },
  "10, 18": {
    "count": 43190,
    "wins": 19862,
    "win_percentage": 0.4598749710581153
  },
  "9, 25": {
    "count": 75329,
    "wins": 38041,
    "win_percentage": 0.5049980751105152
  },
  "8, 24": {
    "count": 14088,
    "wins": 5393,
    "win_percentage": 0.3828080636002271
  },
  "15, 31": {
    "count": 14480,
    "wins": 5162,
    "win_percentage": 0.35649171270718233
  },
  "14, 30": {
    "count": 17732,
    "wins": 7598,
    "win_percentage": 0.42849086397473496
  },
  "8, 16": {
    "count": 32653,
    "wins": 17668,
    "win_percentage": 0.5410835145315898
  },
  "15, 23": {
    "count": 10764,
    "wins": 3225,
    "win_percentage": 0.2996098104793757
  },
  "6, 23": {
    "count": 2543,
    "wins": 690,
    "win_percentage": 0.27133307117577665
  },
  "1, 16": {
    "count": 1546,
    "wins": 503,
    "win_percentage": 0.3253557567917206
  }
}