{
  "11, 27": {
    "count": 2630063,
    "wins": 1342085,
    "win_percentage": 0.5102862555003436
  },
  "12, 28": {
    "count": 6087982,
    "wins": 3078959,
    "win_percentage": 0.5057437751951304
  },
  "6, 21": {
    "count": 325456,
    "wins": 167415,
    "win_percentage": 0.5144013322845484
  },
  "10, 18": {
    "count": 29780,
    "wins": 13092,
    "win_percentage": 0.43962390866353257
  },
  "13, 29": {
    "count": 119959,
    "wins": 62200,
    "win_percentage": 0.5185104910844539
  },
  "10, 26": {
    "count": 310641,
    "wins": 158146,
    "win_percentage": 0.5090957085510284
  },
  "14, 22": {
    "count": 274074,
    "wins": 138942,
    "win_percentage": 0.5069506775542372
  },
  "15, 31": {
    "count": 14165,
    "wins": 5428,
    "win_percentage": 0.3831980232968585
  },
  "15, 23": {
    "count": 11486,
    "wins": 3713,
    "win_percentage": 0.32326310290788784
  },
  "12, 20": {
    "count": 360326,
    "wins": 163788,
    "win_percentage": 0.45455504182323786
  },
  "13, 21": {
    "count": 19552,
    "wins": 7267,
    "win_percentage": 0.3716755319148936
  },
  "9, 17": {
    "count": 172060,
    "wins": 87374,
    "win_percentage": 0.5078112286411717
  },
  "11, 19": {
    "count": 128422,
    "wins": 60034,
    "win_percentage": 0.46747442027067015
  },
  "9, 25": {
    "count": 58726,
    "wins": 28463,
    "win_percentage": 0.4846745904710009
  },
  "8, 16": {
    "count": 10266,
    "wins": 4714,
    "win_percentage": 0.45918566140658484
  },
  "1, 18": {
    "count": 54128,
    "wins": 25721,
    "win_percentage": 0.4751884422110553
  },
  "14, 30": {
    "count": 27583,
    "wins": 14545,
    "win_percentage": 0.5273175506652649
  },
  "8, 24": {
    "count": 8984,
    "wins": 3582,
    "win_percentage": 0.3987088156723063
  },
  "6, 23": {
    "count": 3659,
    "wins": 1423,
    "win_percentage": 0.38890407215086087
  },
  "1, 16": {
    "count": 1523,
    "wins": 541,
    "win_percentage": 0.3552199606040709
  }
}