{
  "6, 21": {
    "count": 1144593,
    "wins": 598941,
    "win_percentage": 0.5232785802464283
  },
  "11, 19": {
    "count": 331653,
    "wins": 154358,
    "win_percentage": 0.465420183143225
  },
  "12, 28": {
    "count": 16936123,
    "wins": 8448375,
    "win_percentage": 0.498837602915378
  },
  "9, 17": {
    "count": 448298,
    "wins": 223381,
    "win_percentage": 0.49828685383383375
  },
  "14, 22": {
    "count": 615403,
    "wins": 301847,
    "win_percentage": 0.49048672170918894
  },
  "11, 27": {
    "count": 7599764,
    "wins": 3872055,
    "win_percentage": 0.5094967422672598
  },
  "12, 20": {
    "count": 758272,
    "wins": 336555,
    "win_percentage": 0.44384468897704255
  },
  "9, 25": {
    "count": 176203,
    "wins": 90035,
    "win_percentage": 0.5109731389363404
  },
  "10, 26": {
    "count": 1019627,
    "wins": 522544,
    "win_percentage": 0.5124854481099461
  },
  "10, 18": {
    "count": 96318,
    "wins": 45740,
    "win_percentage": 0.4748852758570568
  },
  "1, 18": {
    "count": 182178,
    "wins": 88373,
    "win_percentage": 0.48509150391375466
  },
  "15, 31": {
    "count": 31621,
    "wins": 12778,
    "win_percentage": 0.4040985421080927
  },
  "8, 24": {
    "count": 26793,
    "wins": 10367,
    "win_percentage": 0.38692942186391965
  },
  "13, 29": {
    "count": 322855,
    "wins": 163702,
    "win_percentage": 0.5070449582629973
  },
  "15, 23": {
    "count": 24662,
    "wins": 9483,
    "win_percentage": 0.3845186927256508
  },
  "6, 23": {
    "count": 6128,
    "wins": 2053,
    "win_percentage": 0.3350195822454308
  },
  "13, 21": {
    "count": 37522,
    "wins": 16143,
    "win_percentage": 0.4302275998081126
  },
  "14, 30": {
    "count": 78290,
    "wins": 39445,
    "win_percentage": 0.5038319070123898
  },
  "8, 16": {
    "count": 29283,
    "wins": 12573,
    "win_percentage": 0.4293617457227743
  },
  "1, 16": {
    "count": 3127,
    "wins": 1015,
    "win_percentage": 0.3245922609529901
  }
}