{
  "12, 28": {
    "count": 45417940,
    "wins": 22514633,
    "win_percentage": 0.4957211401485845
  },
  "11, 27": {
    "count": 19389674,
    "wins": 9830251,
    "win_percentage": 0.5069838203571654
  },
  "10, 26": {
    "count": 2599671,
    "wins": 1332425,
    "win_percentage": 0.5125360093642619
  },
  "11, 19": {
    "count": 823742,
    "wins": 383489,
    "win_percentage": 0.4655450371596932
  },
  "13, 29": {
    "count": 823307,
    "wins": 412869,
    "win_percentage": 0.5014763630091813
  },
  "14, 22": {
    "count": 1425004,
    "wins": 694224,
    "win_percentage": 0.4871733693379106
  },
  "9, 17": {
    "count": 1080208,
    "wins": 544264,
    "win_percentage": 0.5038511101565625
  },
  "6, 21": {
    "count": 2945956,
    "wins": 1548613,
    "win_percentage": 0.5256741784330791
  },
  "10, 18": {
    "count": 270487,
    "wins": 125536,
    "win_percentage": 0.46411102936555176
  },
  "8, 16": {
    "count": 76682,
    "wins": 34747,
    "win_percentage": 0.45313111290785324
  },
  "12, 20": {
    "count": 1925987,
    "wins": 851899,
    "win_percentage": 0.4423181464880085
  },
  "1, 18": {
    "count": 521738,
    "wins": 250866,
    "win_percentage": 0.48082754179300724
  },
  "9, 25": {
    "count": 418053,
    "wins": 212580,
    "win_percentage": 0.5085001184060395
  },
  "14, 30": {
    "count": 204411,
    "wins": 95989,
    "win_percentage": 0.4695882315530965
  },
  "8, 24": {
    "count": 68802,
    "wins": 28396,
    "win_percentage": 0.41272056044882416
  },
  "15, 31": {
    "count": 75352,
    "wins": 29776,
    "win_percentage": 0.39515872173266803
  },
  "13, 21": {
    "count": 85370,
    "wins": 36072,
    "win_percentage": 0.4225371910507204
  },
  "15, 23": {
    "count": 66804,
    "wins": 27133,
    "win_percentage": 0.4061583138734208
  },
  "6, 23": {
    "count": 19493,
    "wins": 7538,
    "win_percentage": 0.3867029189965629
  },
  "1, 16": {
    "count": 7482,
    "wins": 2624,
    "win_percentage": 0.3507083667468591
  }
}