{
  "12, 28": {
    "count": 86307973,
    "wins": 42709980,
    "win_percentage": 0.49485555639222345
  },
  "11, 27": {
    "count": 36057945,
    "wins": 18225830,
    "win_percentage": 0.505459476406656
  },
  "6, 21": {
    "count": 5475683,
    "wins": 2853397,
    "win_percentage": 0.521103394772853
  },
  "9, 25": {
    "count": 756940,
    "wins": 382059,
    "win_percentage": 0.50474145903242
  },
  "12, 20": {
    "count": 3647067,
    "wins": 1682995,
    "win_percentage": 0.4614653363922297
  },
  "10, 26": {
    "count": 4805983,
    "wins": 2456016,
    "win_percentage": 0.5110330186353135
  },
  "10, 18": {
    "count": 510907,
    "wins": 244265,
    "win_percentage": 0.4781007110883194
  },
  "14, 22": {
    "count": 2713743,
    "wins": 1345639,
    "win_percentage": 0.4958608829207482
  },
  "9, 17": {
    "count": 2207031,
    "wins": 1116927,
    "win_percentage": 0.5060767157325837
  },
  "11, 19": {
    "count": 1494881,
    "wins": 703131,
    "win_percentage": 0.47035917909184743
  },
  "15, 31": {
    "count": 181795,
    "wins": 77806,
    "win_percentage": 0.42798756841497293
  },
  "14, 30": {
    "count": 421700,
    "wins": 199554,
    "win_percentage": 0.47321318472847995
  },
  "13, 29": {
    "count": 1485459,
    "wins": 747598,
    "win_percentage": 0.5032774381521132
  },
  "1, 18": {
    "count": 943139,
    "wins": 464726,
    "win_percentage": 0.4927439115549246
  },
  "15, 23": {
    "count": 119008,
    "wins": 50661,
    "win_percentage": 0.42569407098682444
  },
  "6, 23": {
    "count": 73048,
    "wins": 34034,
    "win_percentage": 0.46591282444420107
  },
  "13, 21": {
    "count": 185949,
    "wins": 82148,
    "win_percentage": 0.4417770463944415
  },
  "8, 24": {
    "count": 130852,
    "wins": 57654,
    "win_percentage": 0.4406046525845994
  },
  "8, 16": {
    "count": 165049,
    "wins": 77849,
    "win_percentage": 0.4716720489066883
  },
  "1, 16": {
    "count": 16455,
    "wins": 6653,
    "win_percentage": 0.40431479793375874
  }
}