{
  "11, 27": {
    "count": 65598609,
    "wins": 33149388,
    "win_percentage": 0.5053367518814309
  },
  "10, 26": {
    "count": 8930962,
    "wins": 4531657,
    "win_percentage": 0.5074097280897624
  },
  "12, 28": {
    "count": 150425827,
    "wins": 74504533,
    "win_percentage": 0.495290831939385
  },
  "14, 30": {
    "count": 717103,
    "wins": 343451,
    "win_percentage": 0.4789423555611955
  },
  "14, 22": {
    "count": 5055694,
    "wins": 2533502,
    "win_percentage": 0.5011185407977619
  },
  "6, 21": {
    "count": 9777666,
    "wins": 5049003,
    "win_percentage": 0.5163812099942869
  },
  "12, 20": {
    "count": 6238870,
    "wins": 2925814,
    "win_percentage": 0.46896537353719503
  },
  "6, 23": {
    "count": 117269,
    "wins": 53279,
    "win_percentage": 0.4543314942567942
  },
  "1, 18": {
    "count": 1751446,
    "wins": 865088,
    "win_percentage": 0.4939278744534516
  },
  "9, 25": {
    "count": 1260385,
    "wins": 636615,
    "win_percentage": 0.505095665213407
  },
  "13, 21": {
    "count": 333120,
    "wins": 146831,
    "win_percentage": 0.44077509606147935
  },
  "13, 29": {
    "count": 2523874,
    "wins": 1258209,
    "win_percentage": 0.4985229056601082
  },
  "10, 18": {
    "count": 913482,
    "wins": 438066,
    "win_percentage": 0.47955624741374214
  },
  "9, 17": {
    "count": 4096410,
    "wins": 2073125,
    "win_percentage": 0.506083375443376
  },
  "11, 19": {
    "count": 2612239,
    "wins": 1243608,
    "win_percentage": 0.47606976237626036
  },
  "15, 31": {
    "count": 331492,
    "wins": 145361,
    "win_percentage": 0.4385053032954038
  },
  "8, 24": {
    "count": 218290,
    "wins": 96812,
    "win_percentage": 0.4435017637088277
  },
  "8, 16": {
    "count": 275299,
    "wins": 127749,
    "win_percentage": 0.4640372830994664
  },
  "1, 16": {
    "count": 28841,
    "wins": 11612,
    "win_percentage": 0.40262126833327555
  },
  "15, 23": {
    "count": 198172,
    "wins": 87511,
    "win_percentage": 0.4415911430474537
  }
}