{
  "11, 27": {
    "count": 107968426,
    "wins": 54526602,
    "win_percentage": 0.505023589025925
  },
  "12, 28": {
    "count": 252825541,
    "wins": 125185823,
    "win_percentage": 0.4951470587380252
  },
  "12, 20": {
    "count": 10035442,
    "wins": 4749303,
    "win_percentage": 0.4732529967289931
  },
  "10, 26": {
    "count": 15763679,
    "wins": 7994538,
    "win_percentage": 0.5071492511361085
  },
  "11, 19": {
    "count": 4124247,
    "wins": 1969958,
    "win_percentage": 0.4776527690994259
  },
  "14, 22": {
    "count": 8161506,
    "wins": 4095801,
    "win_percentage": 0.5018437773616781
  },
  "13, 29": {
    "count": 4222816,
    "wins": 2097737,
    "win_percentage": 0.49676258686146874
  },
  "6, 21": {
    "count": 16301228,
    "wins": 8370395,
    "win_percentage": 0.513482481197122
  },
  "1, 18": {
    "count": 2833807,
    "wins": 1401804,
    "win_percentage": 0.4946716554797133
  },
  "9, 17": {
    "count": 6938807,
    "wins": 3501884,
    "win_percentage": 0.504680991991851
  },
  "9, 25": {
    "count": 1962544,
    "wins": 993651,
    "win_percentage": 0.5063076292811779
  },
  "10, 18": {
    "count": 1440817,
    "wins": 692653,
    "win_percentage": 0.48073627670967234
  },
  "8, 24": {
    "count": 382711,
    "wins": 175568,
    "win_percentage": 0.4587482460655691
  },
  "14, 30": {
    "count": 1174100,
    "wins": 561477,
    "win_percentage": 0.4782190614087386
  },
  "13, 21": {
    "count": 559625,
    "wins": 250141,
    "win_percentage": 0.4469796738887648
  },
  "15, 31": {
    "count": 497237,
    "wins": 217634,
    "win_percentage": 0.43768665646361793
  },
  "15, 23": {
    "count": 329407,
    "wins": 148267,
    "win_percentage": 0.4501027604149274
  },
  "8, 16": {
    "count": 461235,
    "wins": 219201,
    "win_percentage": 0.4752479755439201
  },
  "6, 23": {
    "count": 148005,
    "wins": 66797,
    "win_percentage": 0.45131583392452956
  },
  "1, 16": {
    "count": 49710,
    "wins": 20212,
    "win_percentage": 0.4065982699658017
  }
}