{
  "12, 28": {
    "count": 520606352,
    "wins": 258041876,
    "win_percentage": 0.49565641104586444
  },
  "11, 27": {
    "count": 222977173,
    "wins": 112756571,
    "win_percentage": 0.5056866112478697
  },
  "9, 17": {
    "count": 14026560,
    "wins": 7084635,
    "win_percentage": 0.5050871346930395
  },
  "10, 26": {
    "count": 31198032,
    "wins": 15852245,
    "win_percentage": 0.5081168260869788
  },
  "12, 20": {
    "count": 21417196,
    "wins": 10024610,
    "win_percentage": 0.4680636064590341
  },
  "1, 18": {
    "count": 5832137,
    "wins": 2878149,
    "win_percentage": 0.49349818085549085
  },
  "6, 21": {
    "count": 33340578,
    "wins": 17201884,
    "win_percentage": 0.5159443846474407
  },
  "11, 19": {
    "count": 8799773,
    "wins": 4177815,
    "win_percentage": 0.4747639512973801
  },
  "14, 22": {
    "count": 17077746,
    "wins": 8542894,
    "win_percentage": 0.5002354526176932
  },
  "13, 21": {
    "count": 1146471,
    "wins": 506770,
    "win_percentage": 0.4420260085078471
  },
  "13, 29": {
    "count": 8788366,
    "wins": 4386979,
    "win_percentage": 0.49918027992917
  },
  "10, 18": {
    "count": 3034494,
    "wins": 1453678,
    "win_percentage": 0.47905120260577216
  },
  "9, 25": {
    "count": 4290127,
    "wins": 2168864,
    "win_percentage": 0.5055477378641705
  },
  "8, 24": {
    "count": 781718,
    "wins": 349376,
    "win_percentage": 0.44693354892685083
  },
  "15, 31": {
    "count": 1070790,
    "wins": 464169,
    "win_percentage": 0.4334827557224106
  },
  "14, 30": {
    "count": 2436508,
    "wins": 1166070,
    "win_percentage": 0.47858246309882835
  },
  "8, 16": {
    "count": 973785,
    "wins": 459754,
    "win_percentage": 0.4721309118542594
  },
  "15, 23": {
    "count": 693499,
    "wins": 302860,
    "win_percentage": 0.4367129584902069
  },
  "6, 23": {
    "count": 350652,
    "wins": 158276,
    "win_percentage": 0.4513762933050432
  },
  "1, 16": {
    "count": 101202,
    "wins": 40536,
    "win_percentage": 0.4005454437659335
  }
}