{
  "12, 28": {
    "count": 566024292,
    "wins": 280556509,
    "win_percentage": 0.49566160492631295
  },
  "11, 27": {
    "count": 242366847,
    "wins": 122586822,
    "win_percentage": 0.505790389722733
  },
  "9, 17": {
    "count": 15106768,
    "wins": 7628899,
    "win_percentage": 0.5049987528768562
  },
  "10, 26": {
    "count": 33797703,
    "wins": 17184670,
    "win_percentage": 0.5084567433473216
  },
  "12, 20": {
    "count": 23343183,
    "wins": 10876509,
    "win_percentage": 0.46593941366093905
  },
  "1, 18": {
    "count": 6353875,
    "wins": 3129015,
    "win_percentage": 0.4924577521591155
  },
  "6, 21": {
    "count": 36286534,
    "wins": 18750497,
    "win_percentage": 0.5167343070021513
  },
  "11, 19": {
    "count": 9623515,
    "wins": 4561304,
    "win_percentage": 0.4739748418327399
  },
  "14, 22": {
    "count": 18502750,
    "wins": 9237118,
    "win_percentage": 0.4992294658902055
  },
  "13, 21": {
    "count": 1231841,
    "wins": 542842,
    "win_percentage": 0.4406753793712013
  },
  "13, 29": {
    "count": 9611673,
    "wins": 4799848,
    "win_percentage": 0.49937695549983857
  },
  "10, 18": {
    "count": 3304981,
    "wins": 1579214,
    "win_percentage": 0.4778284655796811
  },
  "9, 25": {
    "count": 4708180,
    "wins": 2381444,
    "win_percentage": 0.5058098883220268
  },
  "8, 24": {
    "count": 850520,
    "wins": 377772,
    "win_percentage": 0.44416592202417343
  },
  "15, 31": {
    "count": 1146142,
    "wins": 493945,
    "win_percentage": 0.4309631790825221
  },
  "14, 30": {
    "count": 2640919,
    "wins": 1262059,
    "win_percentage": 0.4778862963990944
  },
  "8, 16": {
    "count": 1050467,
    "wins": 494501,
    "win_percentage": 0.4707439643510934
  },
  "15, 23": {
    "count": 760303,
    "wins": 329993,
    "win_percentage": 0.4340282755690823
  },
  "6, 23": {
    "count": 370145,
    "wins": 165814,
    "win_percentage": 0.4479703899823042
  },
  "1, 16": {
    "count": 108684,
    "wins": 43160,
    "win_percentage": 0.3971145706819771
  }
}