{
  "12, 28": {
    "count": 95456,
    "wins": 48531,
    "win_percentage": 0.5084122527656721
  },
  "11, 27": {
    "count": 39198,
    "wins": 20670,
    "win_percentage": 0.5273228225929895
  },
  "12, 20": {
    "count": 4683,
    "wins": 2266,
    "win_percentage": 0.4838778560751655
  },
  "8, 16": {
    "count": 322,
    "wins": 172,
    "win_percentage": 0.5341614906832298
  },
  "13, 29": {
    "count": 1545,
    "wins": 812,
    "win_percentage": 0.5255663430420712
  },
  "9, 17": {
    "count": 1556,
    "wins": 760,
    "win_percentage": 0.4884318766066838
  },
  "10, 26": {
    "count": 4499,
    "wins": 2294,
    "win_percentage": 0.5098910869082018
  },
  "6, 21": {
    "count": 4302,
    "wins": 2125,
    "win_percentage": 0.49395629939562996
  },
  "10, 18": {
    "count": 511,
    "wins": 233,
    "win_percentage": 0.45596868884540115
  },
  "11, 19": {
    "count": 1275,
    "wins": 535,
    "win_percentage": 0.4196078431372549
  },
  "14, 22": {
    "count": 1986,
    "wins": 974,
    "win_percentage": 0.4904330312185297
  },
  "13, 21": {
    "count": 117,
    "wins": 36,
    "win_percentage": 0.3076923076923077
  },
  "9, 25": {
    "count": 1064,
    "wins": 533,
    "win_percentage": 0.5009398496240601
  },
  "6, 23": {
    "count": 40,
    "wins": 16,
    "win_percentage": 0.4
  },
  "14, 30": {
    "count": 149,
    "wins": 59,
    "win_percentage": 0.3959731543624161
  },
  "1, 18": {
    "count": 802,
    "wins": 424,
    "win_percentage": 0.5286783042394015
  },
  "15, 31": {
    "count": 110,
    "wins": 34,
    "win_percentage": 0.3090909090909091
  },
  "8, 24": {
    "count": 78,
    "wins": 21,
    "win_percentage": 0.2692307692307692
  },
  "15, 23": {
    "count": 160,
    "wins": 55,
    "win_percentage": 0.34375
  },
  "1, 16": {
    "count": 18,
    "wins": 6,
    "win_percentage": 0.3333333333333333
  }
}