{
  "9, 17": {
    "count": 1807,
    "wins": 880,
    "win_percentage": 0.4869950193691201
  },
  "12, 28": {
    "count": 107959,
    "wins": 55030,
    "win_percentage": 0.509730545855371
  },
  "11, 27": {
    "count": 45255,
    "wins": 23993,
    "win_percentage": 0.5301734614959673
  },
  "12, 20": {
    "count": 5474,
    "wins": 2414,
    "win_percentage": 0.4409937888198758
  },
  "14, 22": {
    "count": 2228,
    "wins": 1028,
    "win_percentage": 0.4614003590664273
  },
  "13, 29": {
    "count": 1607,
    "wins": 824,
    "win_percentage": 0.5127566894835096
  },
  "10, 26": {
    "count": 5317,
    "wins": 2781,
    "win_percentage": 0.5230393078803837
  },
  "8, 16": {
    "count": 502,
    "wins": 246,
    "win_percentage": 0.4900398406374502
  },
  "6, 21": {
    "count": 4400,
    "wins": 2212,
    "win_percentage": 0.5027272727272727
  },
  "11, 19": {
    "count": 1602,
    "wins": 705,
    "win_percentage": 0.4400749063670412
  },
  "1, 18": {
    "count": 1137,
    "wins": 558,
    "win_percentage": 0.49076517150395776
  },
  "13, 21": {
    "count": 151,
    "wins": 62,
    "win_percentage": 0.4105960264900662
  },
  "9, 25": {
    "count": 833,
    "wins": 408,
    "win_percentage": 0.4897959183673469
  },
  "10, 18": {
    "count": 458,
    "wins": 188,
    "win_percentage": 0.4104803493449782
  },
  "14, 30": {
    "count": 379,
    "wins": 144,
    "win_percentage": 0.37994722955145116
  },
  "15, 23": {
    "count": 129,
    "wins": 43,
    "win_percentage": 0.3333333333333333
  },
  "6, 23": {
    "count": 28,
    "wins": 2,
    "win_percentage": 0.07142857142857142
  },
  "15, 31": {
    "count": 180,
    "wins": 57,
    "win_percentage": 0.31666666666666665
  },
  "8, 24": {
    "count": 85,
    "wins": 18,
    "win_percentage": 0.21176470588235294
  },
  "1, 16": {
    "count": 19,
    "wins": 2,
    "win_percentage": 0.10526315789473684
  }
}