{
  "12, 28": {
    "count": 2066145,
    "wins": 1059299,
    "win_percentage": 0.5126934460069357
  },
  "11, 27": {
    "count": 805551,
    "wins": 423460,
    "win_percentage": 0.5256774555552659
  },
  "9, 17": {
    "count": 42142,
    "wins": 21061,
    "win_percentage": 0.49976270703810927
  },
  "10, 26": {
    "count": 94572,
    "wins": 48724,
    "win_percentage": 0.5152053461912617
  },
  "12, 20": {
    "count": 97649,
    "wins": 43006,
    "win_percentage": 0.44041413634548227
  },
  "1, 18": {
    "count": 17371,
    "wins": 8363,
    "win_percentage": 0.48143457486615626
  },
  "6, 21": {
    "count": 81464,
    "wins": 41972,
    "win_percentage": 0.5152214475105568
  },
  "11, 19": {
    "count": 27822,
    "wins": 12003,
    "win_percentage": 0.4314211774854432
  },
  "14, 22": {
    "count": 66482,
    "wins": 32852,
    "win_percentage": 0.4941487921542673
  },
  "13, 21": {
    "count": 2773,
    "wins": 1103,
    "win_percentage": 0.39776415434547424
  },
  "13, 29": {
    "count": 29423,
    "wins": 14919,
    "win_percentage": 0.5070523060191007
  },
  "10, 18": {
    "count": 11210,
    "wins": 5172,
    "win_percentage": 0.4613737734165923
  },
  "9, 25": {
    "count": 19166,
    "wins": 9668,
    "win_percentage": 0.5044349368673693
  },
  "8, 24": {
    "count": 3571,
    "wins": 1362,
    "win_percentage": 0.3814057686922431
  },
  "15, 31": {
    "count": 3736,
    "wins": 1331,
    "win_percentage": 0.35626338329764456
  },
  "14, 30": {
    "count": 4571,
    "wins": 1961,
    "win_percentage": 0.4290089695908991
  },
  "8, 16": {
    "count": 8304,
    "wins": 4483,
    "win_percentage": 0.5398603082851637
  },
  "15, 23": {
    "count": 2755,
    "wins": 821,
    "win_percentage": 0.29800362976406536
  },
  "6, 23": {
    "count": 648,
    "wins": 175,
    "win_percentage": 0.2700617283950617
  },
  "1, 16": {
    "count": 393,
    "wins": 126,
    "win_percentage": 0.32061068702290074
  }
}