{
  "12, 28": {
    "count": 251346,
    "wins": 128449,
    "win_percentage": 0.5110445362170076
  },
  "11, 27": {
    "count": 97287,
    "wins": 51210,
    "win_percentage": 0.5263807086249962
  },
  "14, 22": {
    "count": 8402,
    "wins": 4374,
    "win_percentage": 0.5205903356343727
  },
  "10, 26": {
    "count": 11825,
    "wins": 6414,
    "win_percentage": 0.5424101479915433
  },
  "11, 19": {
    "count": 3857,
    "wins": 1606,
    "win_percentage": 0.41638579206637283
  },
  "10, 18": {
    "count": 1441,
    "wins": 618,
    "win_percentage": 0.42886884108258155
  },
  "8, 16": {
    "count": 1065,
    "wins": 595,
    "win_percentage": 0.5586854460093896
  },
  "9, 25": {
    "count": 2777,
    "wins": 1425,
    "win_percentage": 0.5131436802304645
  },
  "9, 17": {
    "count": 4904,
    "wins": 2473,
    "win_percentage": 0.5042822185970636
  },
  "1, 18": {
    "count": 1887,
    "wins": 780,
    "win_percentage": 0.4133545310015898
  },
  "6, 21": {
    "count": 9093,
    "wins": 4533,
    "win_percentage": 0.49851534147146154
  },
  "8, 24": {
    "count": 516,
    "wins": 208,
    "win_percentage": 0.40310077519379844
  },
  "12, 20": {
    "count": 11065,
    "wins": 5055,
    "win_percentage": 0.45684591052869405
  },
  "13, 29": {
    "count": 3884,
    "wins": 1974,
    "win_percentage": 0.5082389289392379
  },
  "14, 30": {
    "count": 587,
    "wins": 274,
    "win_percentage": 0.46678023850085176
  },
  "15, 31": {
    "count": 395,
    "wins": 168,
    "win_percentage": 0.4253164556962025
  },
  "13, 21": {
    "count": 240,
    "wins": 106,
    "win_percentage": 0.44166666666666665
  },
  "6, 23": {
    "count": 63,
    "wins": 22,
    "win_percentage": 0.3492063492063492
  },
  "1, 16": {
    "count": 46,
    "wins": 13,
    "win_percentage": 0.2826086956521739
  },
  "15, 23": {
    "count": 219,
    "wins": 84,
    "win_percentage": 0.3835616438356164
  }
}