{
  "11, 27": {
    "count": 68359,
    "wins": 35642,
    "win_percentage": 0.5213944030778683
  },
  "12, 28": {
    "count": 183318,
    "wins": 94316,
    "win_percentage": 0.5144939394931213
  },
  "11, 19": {
    "count": 2014,
    "wins": 841,
    "win_percentage": 0.4175769612711023
  },
  "6, 21": {
    "count": 6827,
    "wins": 3671,
    "win_percentage": 0.5377178848689029
  },
  "10, 26": {
    "count": 7326,
    "wins": 3601,
    "win_percentage": 0.49153699153699154
  },
  "13, 29": {
    "count": 2190,
    "wins": 1085,
    "win_percentage": 0.4954337899543379
  },
  "8, 16": {
    "count": 836,
    "wins": 465,
    "win_percentage": 0.55622009569378
  },
  "12, 20": {
    "count": 9332,
    "wins": 4099,
    "win_percentage": 0.43924132018859835
  },
  "1, 18": {
    "count": 1489,
    "wins": 723,
    "win_percentage": 0.4855607790463398
  },
  "9, 17": {
    "count": 2799,
    "wins": 1272,
    "win_percentage": 0.45444801714898175
  },
  "10, 18": {
    "count": 837,
    "wins": 366,
    "win_percentage": 0.43727598566308246
  },
  "9, 25": {
    "count": 1141,
    "wins": 552,
    "win_percentage": 0.48378615249780893
  },
  "14, 22": {
    "count": 5195,
    "wins": 2538,
    "win_percentage": 0.48854667949951874
  },
  "14, 30": {
    "count": 509,
    "wins": 245,
    "win_percentage": 0.481335952848723
  },
  "15, 23": {
    "count": 202,
    "wins": 77,
    "win_percentage": 0.3811881188118812
  },
  "8, 24": {
    "count": 452,
    "wins": 212,
    "win_percentage": 0.4690265486725664
  },
  "1, 16": {
    "count": 54,
    "wins": 14,
    "win_percentage": 0.25925925925925924
  },
  "13, 21": {
    "count": 282,
    "wins": 73,
    "win_percentage": 0.25886524822695034
  },
  "15, 31": {
    "count": 227,
    "wins": 76,
    "win_percentage": 0.33480176211453744
  },
  "6, 23": {
    "count": 70,
    "wins": 17,
    "win_percentage": 0.24285714285714285
  }
}