{
  "6, 21": {
    "count": 5971,
    "wins": 3208,
    "win_percentage": 0.5372634399598057
  },
  "11, 27": {
    "count": 53877,
    "wins": 28270,
    "win_percentage": 0.5247136997234442
  },
  "12, 28": {
    "count": 136701,
    "wins": 69983,
    "win_percentage": 0.511942121857192
  },
  "12, 20": {
    "count": 6217,
    "wins": 2663,
    "win_percentage": 0.4283416438796847
  },
  "11, 19": {
    "count": 2104,
    "wins": 962,
    "win_percentage": 0.45722433460076045
  },
  "9, 17": {
    "count": 2363,
    "wins": 1116,
    "win_percentage": 0.47228099873042745
  },
  "14, 30": {
    "count": 396,
    "wins": 174,
    "win_percentage": 0.4393939393939394
  },
  "9, 25": {
    "count": 1048,
    "wins": 496,
    "win_percentage": 0.4732824427480916
  },
  "14, 22": {
    "count": 3495,
    "wins": 1628,
    "win_percentage": 0.4658082975679542
  },
  "15, 31": {
    "count": 244,
    "wins": 100,
    "win_percentage": 0.4098360655737705
  },
  "10, 26": {
    "count": 6422,
    "wins": 3172,
    "win_percentage": 0.4939271255060729
  },
  "8, 16": {
    "count": 512,
    "wins": 244,
    "win_percentage": 0.4765625
  },
  "10, 18": {
    "count": 943,
    "wins": 440,
    "win_percentage": 0.46659597030752914
  },
  "1, 16": {
    "count": 34,
    "wins": 10,
    "win_percentage": 0.29411764705882354
  },
  "13, 29": {
    "count": 1877,
    "wins": 947,
    "win_percentage": 0.5045285029302078
  },
  "15, 23": {
    "count": 188,
    "wins": 53,
    "win_percentage": 0.28191489361702127
  },
  "8, 24": {
    "count": 295,
    "wins": 110,
    "win_percentage": 0.3728813559322034
  },
  "1, 18": {
    "count": 1733,
    "wins": 1028,
    "win_percentage": 0.5931909982688979
  },
  "6, 23": {
    "count": 71,
    "wins": 21,
    "win_percentage": 0.29577464788732394
  },
  "13, 21": {
    "count": 188,
    "wins": 67,
    "win_percentage": 0.35638297872340424
  }
}