{
  "11, 27": {
    "count": 75166,
    "wins": 39682,
    "win_percentage": 0.5279248596439879
  },
  "12, 28": {
    "count": 200929,
    "wins": 102392,
    "win_percentage": 0.5095929407900303
  },
  "12, 20": {
    "count": 8486,
    "wins": 3565,
    "win_percentage": 0.4201037002121141
  },
  "1, 18": {
    "count": 1703,
    "wins": 852,
    "win_percentage": 0.5002935995302408
  },
  "10, 26": {
    "count": 9255,
    "wins": 4882,
    "win_percentage": 0.5274986493787142
  },
  "9, 17": {
    "count": 4572,
    "wins": 2373,
    "win_percentage": 0.5190288713910761
  },
  "11, 19": {
    "count": 2156,
    "wins": 892,
    "win_percentage": 0.4137291280148423
  },
  "13, 29": {
    "count": 2662,
    "wins": 1448,
    "win_percentage": 0.5439519158527423
  },
  "6, 21": {
    "count": 7787,
    "wins": 4067,
    "win_percentage": 0.5222807242840631
  },
  "14, 22": {
    "count": 5971,
    "wins": 2937,
    "win_percentage": 0.4918774074694356
  },
  "9, 25": {
    "count": 2527,
    "wins": 1309,
    "win_percentage": 0.518005540166205
  },
  "10, 18": {
    "count": 1064,
    "wins": 502,
    "win_percentage": 0.4718045112781955
  },
  "14, 30": {
    "count": 341,
    "wins": 146,
    "win_percentage": 0.4281524926686217
  },
  "6, 23": {
    "count": 54,
    "wins": 12,
    "win_percentage": 0.2222222222222222
  },
  "15, 31": {
    "count": 235,
    "wins": 76,
    "win_percentage": 0.32340425531914896
  },
  "8, 24": {
    "count": 338,
    "wins": 136,
    "win_percentage": 0.40236686390532544
  },
  "15, 23": {
    "count": 168,
    "wins": 53,
    "win_percentage": 0.31547619047619047
  },
  "13, 21": {
    "count": 212,
    "wins": 103,
    "win_percentage": 0.4858490566037736
  },
  "8, 16": {
    "count": 1424,
    "wins": 859,
    "win_percentage": 0.6032303370786517
  },
  "1, 16": {
    "count": 48,
    "wins": 19,
    "win_percentage": 0.3958333333333333
  }
}