{
  "12, 28": {
    "count": 350457,
    "wins": 180854,
    "win_percentage": 0.5160518979503905
  },
  "11, 27": {
    "count": 136385,
    "wins": 71336,
    "win_percentage": 0.5230487223668292
  },
  "12, 20": {
    "count": 16250,
    "wins": 7153,
    "win_percentage": 0.4401846153846154
  },
  "14, 22": {
    "count": 13616,
    "wins": 6892,
    "win_percentage": 0.5061692126909518
  },
  "10, 26": {
    "count": 15698,
    "wins": 8166,
    "win_percentage": 0.5201936552427061
  },
  "9, 17": {
    "count": 8086,
    "wins": 4064,
    "win_percentage": 0.5025970813752164
  },
  "15, 31": {
    "count": 783,
    "wins": 286,
    "win_percentage": 0.3652618135376756
  },
  "11, 19": {
    "count": 5768,
    "wins": 2510,
    "win_percentage": 0.43515950069348125
  },
  "10, 18": {
    "count": 1657,
    "wins": 795,
    "win_percentage": 0.47978273989136994
  },
  "9, 25": {
    "count": 3675,
    "wins": 1894,
    "win_percentage": 0.515374149659864
  },
  "13, 29": {
    "count": 5323,
    "wins": 2629,
    "win_percentage": 0.49389442043960174
  },
  "6, 21": {
    "count": 13866,
    "wins": 7107,
    "win_percentage": 0.5125486802250108
  },
  "13, 21": {
    "count": 650,
    "wins": 278,
    "win_percentage": 0.4276923076923077
  },
  "1, 18": {
    "count": 2593,
    "wins": 1213,
    "win_percentage": 0.46779791747011185
  },
  "15, 23": {
    "count": 669,
    "wins": 219,
    "win_percentage": 0.3273542600896861
  },
  "8, 24": {
    "count": 665,
    "wins": 261,
    "win_percentage": 0.3924812030075188
  },
  "14, 30": {
    "count": 564,
    "wins": 222,
    "win_percentage": 0.39361702127659576
  },
  "8, 16": {
    "count": 1119,
    "wins": 568,
    "win_percentage": 0.5075960679177838
  },
  "6, 23": {
    "count": 113,
    "wins": 26,
    "win_percentage": 0.23008849557522124
  },
  "1, 16": {
    "count": 50,
    "wins": 18,
    "win_percentage": 0.36
  }
}