{
  "12, 28": {
    "count": 297926,
    "wins": 153951,
    "win_percentage": 0.5167424125453972
  },
  "11, 19": {
    "count": 3874,
    "wins": 1695,
    "win_percentage": 0.4375322663913268
  },
  "11, 27": {
    "count": 113971,
    "wins": 59243,
    "win_percentage": 0.5198076703722877
  },
  "14, 22": {
    "count": 10699,
    "wins": 5252,
    "win_percentage": 0.4908869987849332
  },
  "10, 18": {
    "count": 1623,
    "wins": 721,
    "win_percentage": 0.44423906346272335
  },
  "9, 17": {
    "count": 7674,
    "wins": 3951,
    "win_percentage": 0.5148553557466771
  },
  "10, 26": {
    "count": 13082,
    "wins": 6714,
    "win_percentage": 0.5132242776333894
  },
  "8, 16": {
    "count": 1004,
    "wins": 556,
    "win_percentage": 0.5537848605577689
  },
  "12, 20": {
    "count": 13630,
    "wins": 5981,
    "win_percentage": 0.43881144534115923
  },
  "6, 21": {
    "count": 11212,
    "wins": 5587,
    "win_percentage": 0.4983053870852658
  },
  "13, 21": {
    "count": 329,
    "wins": 127,
    "win_percentage": 0.3860182370820669
  },
  "1, 18": {
    "count": 2256,
    "wins": 952,
    "win_percentage": 0.4219858156028369
  },
  "13, 29": {
    "count": 3816,
    "wins": 1919,
    "win_percentage": 0.5028825995807128
  },
  "15, 23": {
    "count": 376,
    "wins": 96,
    "win_percentage": 0.2553191489361702
  },
  "15, 31": {
    "count": 735,
    "wins": 263,
    "win_percentage": 0.3578231292517007
  },
  "9, 25": {
    "count": 3123,
    "wins": 1594,
    "win_percentage": 0.5104066602625681
  },
  "8, 24": {
    "count": 685,
    "wins": 234,
    "win_percentage": 0.3416058394160584
  },
  "14, 30": {
    "count": 599,
    "wins": 241,
    "win_percentage": 0.4023372287145242
  },
  "1, 16": {
    "count": 46,
    "wins": 16,
    "win_percentage": 0.34782608695652173
  },
  "6, 23": {
    "count": 92,
    "wins": 27,
    "win_percentage": 0.29347826086956524
  }
}