{
  "12, 28": {
    "count": 200379,
    "wins": 102803,
    "win_percentage": 0.5130427839244631
  },
  "11, 27": {
    "count": 76215,
    "wins": 40185,
    "win_percentage": 0.5272584136980909
  },
  "10, 26": {
    "count": 10000,
    "wins": 5148,
    "win_percentage": 0.5148
  },
  "13, 29": {
    "count": 2230,
    "wins": 1138,
    "win_percentage": 0.5103139013452915
  },
  "10, 18": {
    "count": 1026,
    "wins": 483,
    "win_percentage": 0.47076023391812866
  },
  "14, 22": {
    "count": 6288,
    "wins": 2984,
    "win_percentage": 0.47455470737913485
  },
  "11, 19": {
    "count": 2215,
    "wins": 971,
    "win_percentage": 0.4383747178329571
  },
  "9, 17": {
    "count": 3767,
    "wins": 1872,
    "win_percentage": 0.4969471728165649
  },
  "12, 20": {
    "count": 9135,
    "wins": 3941,
    "win_percentage": 0.4314176245210728
  },
  "14, 30": {
    "count": 495,
    "wins": 210,
    "win_percentage": 0.42424242424242425
  },
  "6, 21": {
    "count": 8102,
    "wins": 4307,
    "win_percentage": 0.5315971365095038
  },
  "1, 18": {
    "count": 1726,
    "wins": 818,
    "win_percentage": 0.473928157589803
  },
  "8, 16": {
    "count": 957,
    "wins": 514,
    "win_percentage": 0.5370950888192267
  },
  "8, 24": {
    "count": 261,
    "wins": 107,
    "win_percentage": 0.4099616858237548
  },
  "9, 25": {
    "count": 1643,
    "wins": 826,
    "win_percentage": 0.5027388922702374
  },
  "1, 16": {
    "count": 52,
    "wins": 27,
    "win_percentage": 0.5192307692307693
  },
  "15, 31": {
    "count": 363,
    "wins": 109,
    "win_percentage": 0.3002754820936639
  },
  "15, 23": {
    "count": 388,
    "wins": 82,
    "win_percentage": 0.211340206185567
  },
  "13, 21": {
    "count": 215,
    "wins": 79,
    "win_percentage": 0.3674418604651163
  },
  "6, 23": {
    "count": 68,
    "wins": 22,
    "win_percentage": 0.3235294117647059
  }
}