{
  "12, 28": {
    "count": 463061,
    "wins": 235785,
    "win_percentage": 0.5091877743968937
  },
  "11, 27": {
    "count": 188438,
    "wins": 96918,
    "win_percentage": 0.5143230134049396
  },
  "12, 20": {
    "count": 28847,
    "wins": 13074,
    "win_percentage": 0.4532187055846362
  },
  "1, 18": {
    "count": 3928,
    "wins": 1914,
    "win_percentage": 0.48727087576374745
  },
  "14, 22": {
    "count": 21743,
    "wins": 10984,
    "win_percentage": 0.5051740790139355
  },
  "11, 19": {
    "count": 9350,
    "wins": 4342,
    "win_percentage": 0.4643850267379679
  },
  "9, 17": {
    "count": 11327,
    "wins": 5847,
    "win_percentage": 0.5162002295400371
  },
  "6, 21": {
    "count": 23346,
    "wins": 12100,
    "win_percentage": 0.5182900711042577
  },
  "10, 26": {
    "count": 21521,
    "wins": 11076,
    "win_percentage": 0.5146600994377585
  },
  "15, 23": {
    "count": 957,
    "wins": 266,
    "win_percentage": 0.2779519331243469
  },
  "15, 31": {
    "count": 1269,
    "wins": 446,
    "win_percentage": 0.35145784081954295
  },
  "13, 29": {
    "count": 8893,
    "wins": 4610,
    "win_percentage": 0.5183852468233442
  },
  "14, 30": {
    "count": 1817,
    "wins": 870,
    "win_percentage": 0.47881122729774356
  },
  "8, 24": {
    "count": 644,
    "wins": 251,
    "win_percentage": 0.38975155279503104
  },
  "9, 25": {
    "count": 5541,
    "wins": 2834,
    "win_percentage": 0.5114600252661974
  },
  "10, 18": {
    "count": 1579,
    "wins": 685,
    "win_percentage": 0.4338188727042432
  },
  "8, 16": {
    "count": 929,
    "wins": 451,
    "win_percentage": 0.48546824542518835
  },
  "13, 21": {
    "count": 1594,
    "wins": 525,
    "win_percentage": 0.32936010037641156
  },
  "6, 23": {
    "count": 196,
    "wins": 63,
    "win_percentage": 0.32142857142857145
  },
  "1, 16": {
    "count": 81,
    "wins": 37,
    "win_percentage": 0.4567901234567901
  }
}