{
  "11, 19": {
    "count": 12312,
    "wins": 5628,
    "win_percentage": 0.4571150097465887
  },
  "12, 28": {
    "count": 587925,
    "wins": 295468,
    "win_percentage": 0.502560700769656
  },
  "9, 17": {
    "count": 19084,
    "wins": 9793,
    "win_percentage": 0.5131523789561937
  },
  "12, 20": {
    "count": 33279,
    "wins": 15027,
    "win_percentage": 0.45154602001262056
  },
  "6, 21": {
    "count": 34197,
    "wins": 17767,
    "win_percentage": 0.5195484984062929
  },
  "13, 29": {
    "count": 12954,
    "wins": 6730,
    "win_percentage": 0.5195306469044311
  },
  "11, 27": {
    "count": 268845,
    "wins": 137134,
    "win_percentage": 0.5100857371347802
  },
  "9, 25": {
    "count": 4934,
    "wins": 2365,
    "win_percentage": 0.4793271179570328
  },
  "14, 22": {
    "count": 25672,
    "wins": 13019,
    "win_percentage": 0.5071283889062013
  },
  "10, 26": {
    "count": 29613,
    "wins": 14970,
    "win_percentage": 0.5055212237868504
  },
  "1, 18": {
    "count": 6028,
    "wins": 2924,
    "win_percentage": 0.48506967485069674
  },
  "15, 23": {
    "count": 1276,
    "wins": 410,
    "win_percentage": 0.3213166144200627
  },
  "8, 24": {
    "count": 1056,
    "wins": 481,
    "win_percentage": 0.45549242424242425
  },
  "14, 30": {
    "count": 2872,
    "wins": 1510,
    "win_percentage": 0.525766016713092
  },
  "10, 18": {
    "count": 2806,
    "wins": 1199,
    "win_percentage": 0.42729864575908766
  },
  "13, 21": {
    "count": 2497,
    "wins": 942,
    "win_percentage": 0.37725270324389265
  },
  "8, 16": {
    "count": 885,
    "wins": 380,
    "win_percentage": 0.4293785310734463
  },
  "15, 31": {
    "count": 1481,
    "wins": 581,
    "win_percentage": 0.3923024983119514
  },
  "6, 23": {
    "count": 366,
    "wins": 121,
    "win_percentage": 0.33060109289617484
  },
  "1, 16": {
    "count": 198,
    "wins": 70,
    "win_percentage": 0.35353535353535354
  }
}