{
  "12, 28": {
    "count": 471522,
    "wins": 240591,
    "win_percentage": 0.5102434244849657
  },
  "10, 26": {
    "count": 25178,
    "wins": 13029,
    "win_percentage": 0.5174755739137342
  },
  "11, 27": {
    "count": 193609,
    "wins": 98493,
    "win_percentage": 0.5087211854820799
  },
  "14, 22": {
    "count": 20981,
    "wins": 10596,
    "win_percentage": 0.5050283589914685
  },
  "12, 20": {
    "count": 26244,
    "wins": 11904,
    "win_percentage": 0.4535893918609968
  },
  "9, 17": {
    "count": 11337,
    "wins": 5704,
    "win_percentage": 0.5031313398606333
  },
  "11, 19": {
    "count": 10276,
    "wins": 4983,
    "win_percentage": 0.48491630984818995
  },
  "6, 21": {
    "count": 22890,
    "wins": 11655,
    "win_percentage": 0.5091743119266054
  },
  "8, 16": {
    "count": 903,
    "wins": 421,
    "win_percentage": 0.46622369878183834
  },
  "13, 29": {
    "count": 9144,
    "wins": 4783,
    "win_percentage": 0.5230752405949256
  },
  "14, 30": {
    "count": 2429,
    "wins": 1331,
    "win_percentage": 0.5479621243310004
  },
  "1, 18": {
    "count": 4304,
    "wins": 1996,
    "win_percentage": 0.4637546468401487
  },
  "10, 18": {
    "count": 2538,
    "wins": 1091,
    "win_percentage": 0.429866036249015
  },
  "13, 21": {
    "count": 1378,
    "wins": 415,
    "win_percentage": 0.3011611030478955
  },
  "8, 24": {
    "count": 675,
    "wins": 262,
    "win_percentage": 0.38814814814814813
  },
  "6, 23": {
    "count": 222,
    "wins": 88,
    "win_percentage": 0.3963963963963964
  },
  "9, 25": {
    "count": 4255,
    "wins": 2082,
    "win_percentage": 0.48930669800235016
  },
  "15, 31": {
    "count": 1376,
    "wins": 571,
    "win_percentage": 0.41497093023255816
  },
  "15, 23": {
    "count": 892,
    "wins": 315,
    "win_percentage": 0.3531390134529148
  },
  "1, 16": {
    "count": 122,
    "wins": 50,
    "win_percentage": 0.4098360655737705
  }
}