{
  "12, 28": {
    "count": 406829,
    "wins": 206429,
    "win_percentage": 0.5074097470927589
  },
  "14, 22": {
    "count": 16007,
    "wins": 8105,
    "win_percentage": 0.5063409758230774
  },
  "11, 27": {
    "count": 164902,
    "wins": 84807,
    "win_percentage": 0.5142872736534426
  },
  "1, 18": {
    "count": 3065,
    "wins": 1454,
    "win_percentage": 0.47438825448613375
  },
  "9, 17": {
    "count": 9598,
    "wins": 4858,
    "win_percentage": 0.5061471139820796
  },
  "12, 20": {
    "count": 25276,
    "wins": 11551,
    "win_percentage": 0.4569947776546922
  },
  "10, 26": {
    "count": 20262,
    "wins": 10540,
    "win_percentage": 0.520185569045504
  },
  "11, 19": {
    "count": 7026,
    "wins": 3146,
    "win_percentage": 0.44776544264161683
  },
  "6, 21": {
    "count": 17694,
    "wins": 9282,
    "win_percentage": 0.5245846049508308
  },
  "13, 21": {
    "count": 1248,
    "wins": 514,
    "win_percentage": 0.41185897435897434
  },
  "14, 30": {
    "count": 1420,
    "wins": 668,
    "win_percentage": 0.4704225352112676
  },
  "13, 29": {
    "count": 8385,
    "wins": 4381,
    "win_percentage": 0.5224806201550387
  },
  "8, 24": {
    "count": 657,
    "wins": 264,
    "win_percentage": 0.4018264840182648
  },
  "8, 16": {
    "count": 807,
    "wins": 384,
    "win_percentage": 0.4758364312267658
  },
  "9, 25": {
    "count": 4716,
    "wins": 2348,
    "win_percentage": 0.49787955894826125
  },
  "10, 18": {
    "count": 1986,
    "wins": 989,
    "win_percentage": 0.49798590130916415
  },
  "15, 23": {
    "count": 885,
    "wins": 244,
    "win_percentage": 0.27570621468926554
  },
  "15, 31": {
    "count": 1235,
    "wins": 467,
    "win_percentage": 0.3781376518218624
  },
  "6, 23": {
    "count": 202,
    "wins": 64,
    "win_percentage": 0.31683168316831684
  },
  "1, 16": {
    "count": 64,
    "wins": 20,
    "win_percentage": 0.3125
  }
}