{
  "12, 28": {
    "count": 511753,
    "wins": 257953,
    "win_percentage": 0.5040576215478951
  },
  "11, 27": {
    "count": 221217,
    "wins": 111940,
    "win_percentage": 0.5060189768417436
  },
  "11, 19": {
    "count": 11161,
    "wins": 5292,
    "win_percentage": 0.4741510617328196
  },
  "6, 21": {
    "count": 28783,
    "wins": 14759,
    "win_percentage": 0.5127679533057707
  },
  "10, 26": {
    "count": 27452,
    "wins": 13975,
    "win_percentage": 0.5090703773859828
  },
  "9, 17": {
    "count": 14640,
    "wins": 7550,
    "win_percentage": 0.5157103825136612
  },
  "12, 20": {
    "count": 36043,
    "wins": 16984,
    "win_percentage": 0.47121493771328693
  },
  "14, 30": {
    "count": 2558,
    "wins": 1396,
    "win_percentage": 0.54573885848319
  },
  "13, 21": {
    "count": 1448,
    "wins": 565,
    "win_percentage": 0.39019337016574585
  },
  "14, 22": {
    "count": 26032,
    "wins": 13285,
    "win_percentage": 0.5103334357713584
  },
  "10, 18": {
    "count": 2338,
    "wins": 981,
    "win_percentage": 0.4195893926432849
  },
  "13, 29": {
    "count": 8416,
    "wins": 4327,
    "win_percentage": 0.5141397338403042
  },
  "9, 25": {
    "count": 5130,
    "wins": 2473,
    "win_percentage": 0.4820662768031189
  },
  "1, 18": {
    "count": 4364,
    "wins": 2054,
    "win_percentage": 0.47066911090742436
  },
  "8, 16": {
    "count": 751,
    "wins": 366,
    "win_percentage": 0.4873501997336884
  },
  "8, 24": {
    "count": 649,
    "wins": 221,
    "win_percentage": 0.3405238828967643
  },
  "15, 23": {
    "count": 865,
    "wins": 294,
    "win_percentage": 0.3398843930635838
  },
  "1, 16": {
    "count": 139,
    "wins": 43,
    "win_percentage": 0.30935251798561153
  },
  "15, 31": {
    "count": 992,
    "wins": 347,
    "win_percentage": 0.3497983870967742
  },
  "6, 23": {
    "count": 554,
    "wins": 277,
    "win_percentage": 0.5
  }
}