{
  "11, 27": {
    "count": 242156,
    "wins": 123414,
    "win_percentage": 0.5096466740448305
  },
  "9, 17": {
    "count": 16742,
    "wins": 8367,
    "win_percentage": 0.49976107991876717
  },
  "12, 28": {
    "count": 539940,
    "wins": 272481,
    "win_percentage": 0.5046505167240805
  },
  "13, 29": {
    "count": 10348,
    "wins": 5419,
    "win_percentage": 0.5236760726710475
  },
  "6, 21": {
    "count": 32175,
    "wins": 16614,
    "win_percentage": 0.5163636363636364
  },
  "10, 26": {
    "count": 27907,
    "wins": 14088,
    "win_percentage": 0.5048195793170173
  },
  "14, 22": {
    "count": 26958,
    "wins": 13825,
    "win_percentage": 0.512834780028192
  },
  "1, 18": {
    "count": 4709,
    "wins": 2255,
    "win_percentage": 0.478870248460395
  },
  "12, 20": {
    "count": 32527,
    "wins": 14621,
    "win_percentage": 0.44950348940879886
  },
  "14, 30": {
    "count": 2291,
    "wins": 1185,
    "win_percentage": 0.5172413793103449
  },
  "9, 25": {
    "count": 5311,
    "wins": 2448,
    "win_percentage": 0.4609301449821126
  },
  "11, 19": {
    "count": 12820,
    "wins": 6080,
    "win_percentage": 0.47425897035881437
  },
  "13, 21": {
    "count": 1394,
    "wins": 556,
    "win_percentage": 0.3988522238163558
  },
  "6, 23": {
    "count": 315,
    "wins": 104,
    "win_percentage": 0.33015873015873015
  },
  "15, 31": {
    "count": 722,
    "wins": 274,
    "win_percentage": 0.37950138504155123
  },
  "8, 16": {
    "count": 795,
    "wins": 348,
    "win_percentage": 0.4377358490566038
  },
  "10, 18": {
    "count": 2880,
    "wins": 1282,
    "win_percentage": 0.44513888888888886
  },
  "8, 24": {
    "count": 637,
    "wins": 228,
    "win_percentage": 0.3579277864992151
  },
  "1, 16": {
    "count": 111,
    "wins": 40,
    "win_percentage": 0.36036036036036034
  },
  "15, 23": {
    "count": 900,
    "wins": 259,
    "win_percentage": 0.2877777777777778
  }
}