{
  "12, 28": {
    "count": 578943,
    "wins": 289187,
    "win_percentage": 0.499508587201158
  },
  "11, 27": {
    "count": 255338,
    "wins": 130105,
    "win_percentage": 0.5095402956081743
  },
  "13, 21": {
    "count": 1846,
    "wins": 753,
    "win_percentage": 0.4079089924160347
  },
  "13, 29": {
    "count": 12575,
    "wins": 6397,
    "win_percentage": 0.5087077534791252
  },
  "12, 20": {
    "count": 29143,
    "wins": 12759,
    "win_percentage": 0.43780667741824797
  },
  "10, 26": {
    "count": 29579,
    "wins": 14441,
    "win_percentage": 0.4882179924946753
  },
  "6, 21": {
    "count": 31262,
    "wins": 15854,
    "win_percentage": 0.5071332608278422
  },
  "9, 17": {
    "count": 19183,
    "wins": 9543,
    "win_percentage": 0.4974717197518636
  },
  "11, 19": {
    "count": 11214,
    "wins": 5142,
    "win_percentage": 0.45853397538790797
  },
  "14, 22": {
    "count": 22356,
    "wins": 11103,
    "win_percentage": 0.4966451959205582
  },
  "1, 18": {
    "count": 5629,
    "wins": 2654,
    "win_percentage": 0.4714869426185823
  },
  "10, 18": {
    "count": 2897,
    "wins": 1259,
    "win_percentage": 0.4345875043148084
  },
  "9, 25": {
    "count": 5263,
    "wins": 2571,
    "win_percentage": 0.4885046551396542
  },
  "8, 16": {
    "count": 1035,
    "wins": 456,
    "win_percentage": 0.4405797101449275
  },
  "15, 23": {
    "count": 1123,
    "wins": 422,
    "win_percentage": 0.3757791629563669
  },
  "15, 31": {
    "count": 1655,
    "wins": 677,
    "win_percentage": 0.40906344410876133
  },
  "14, 30": {
    "count": 2945,
    "wins": 1731,
    "win_percentage": 0.5877758913412564
  },
  "8, 24": {
    "count": 736,
    "wins": 316,
    "win_percentage": 0.42934782608695654
  },
  "6, 23": {
    "count": 197,
    "wins": 61,
    "win_percentage": 0.3096446700507614
  },
  "1, 16": {
    "count": 165,
    "wins": 63,
    "win_percentage": 0.38181818181818183
  }
}