{
  "11, 27": {
    "count": 169731,
    "wins": 88293,
    "win_percentage": 0.5201937182954204
  },
  "12, 28": {
    "count": 416869,
    "wins": 214572,
    "win_percentage": 0.5147228505837566
  },
  "6, 21": {
    "count": 17064,
    "wins": 8589,
    "win_percentage": 0.5033403656821378
  },
  "10, 18": {
    "count": 2194,
    "wins": 1053,
    "win_percentage": 0.4799453053783045
  },
  "13, 29": {
    "count": 8382,
    "wins": 4294,
    "win_percentage": 0.5122882366976855
  },
  "10, 26": {
    "count": 18979,
    "wins": 9965,
    "win_percentage": 0.5250540070604353
  },
  "14, 22": {
    "count": 14682,
    "wins": 7300,
    "win_percentage": 0.497207464923035
  },
  "15, 31": {
    "count": 864,
    "wins": 292,
    "win_percentage": 0.33796296296296297
  },
  "15, 23": {
    "count": 655,
    "wins": 225,
    "win_percentage": 0.3435114503816794
  },
  "12, 20": {
    "count": 20874,
    "wins": 9332,
    "win_percentage": 0.4470633323752036
  },
  "13, 21": {
    "count": 1430,
    "wins": 519,
    "win_percentage": 0.36293706293706296
  },
  "9, 17": {
    "count": 8346,
    "wins": 4298,
    "win_percentage": 0.5149772346034028
  },
  "11, 19": {
    "count": 7694,
    "wins": 3438,
    "win_percentage": 0.44684169482713804
  },
  "9, 25": {
    "count": 3946,
    "wins": 1974,
    "win_percentage": 0.5002534211860111
  },
  "8, 16": {
    "count": 827,
    "wins": 393,
    "win_percentage": 0.4752116082224909
  },
  "1, 18": {
    "count": 2696,
    "wins": 1241,
    "win_percentage": 0.4603115727002967
  },
  "14, 30": {
    "count": 1101,
    "wins": 432,
    "win_percentage": 0.3923705722070845
  },
  "8, 24": {
    "count": 913,
    "wins": 367,
    "win_percentage": 0.4019715224534502
  },
  "6, 23": {
    "count": 150,
    "wins": 55,
    "win_percentage": 0.36666666666666664
  },
  "1, 16": {
    "count": 73,
    "wins": 15,
    "win_percentage": 0.2054794520547945
  }
}