{
  "12, 28": {
    "count": 1201009,
    "wins": 604138,
    "win_percentage": 0.5030253728323435
  },
  "11, 27": {
    "count": 553475,
    "wins": 281495,
    "win_percentage": 0.5085956908622792
  },
  "6, 21": {
    "count": 74498,
    "wins": 39759,
    "win_percentage": 0.5336921796558297
  },
  "14, 22": {
    "count": 42746,
    "wins": 20751,
    "win_percentage": 0.4854489308941187
  },
  "9, 17": {
    "count": 31100,
    "wins": 15314,
    "win_percentage": 0.492411575562701
  },
  "10, 26": {
    "count": 69389,
    "wins": 35751,
    "win_percentage": 0.5152257562437851
  },
  "12, 20": {
    "count": 52861,
    "wins": 24165,
    "win_percentage": 0.4571423166417586
  },
  "13, 29": {
    "count": 21616,
    "wins": 10807,
    "win_percentage": 0.4999537379718727
  },
  "11, 19": {
    "count": 21576,
    "wins": 9930,
    "win_percentage": 0.46023359288097887
  },
  "8, 24": {
    "count": 1713,
    "wins": 675,
    "win_percentage": 0.39404553415061294
  },
  "8, 16": {
    "count": 2348,
    "wins": 980,
    "win_percentage": 0.41737649063032367
  },
  "10, 18": {
    "count": 6848,
    "wins": 3327,
    "win_percentage": 0.4858352803738318
  },
  "9, 25": {
    "count": 11393,
    "wins": 5693,
    "win_percentage": 0.49969279382076714
  },
  "13, 21": {
    "count": 2997,
    "wins": 1291,
    "win_percentage": 0.4307640974307641
  },
  "1, 18": {
    "count": 12373,
    "wins": 6137,
    "win_percentage": 0.4959993534308575
  },
  "14, 30": {
    "count": 6854,
    "wins": 3758,
    "win_percentage": 0.5482929676101547
  },
  "6, 23": {
    "count": 300,
    "wins": 80,
    "win_percentage": 0.26666666666666666
  },
  "15, 31": {
    "count": 2134,
    "wins": 821,
    "win_percentage": 0.3847235238987816
  },
  "15, 23": {
    "count": 2522,
    "wins": 876,
    "win_percentage": 0.3473433782712133
  },
  "1, 16": {
    "count": 166,
    "wins": 61,
    "win_percentage": 0.3674698795180723
  }
}