{
  "11, 27": {
    "count": 427153,
    "wins": 218166,
    "win_percentage": 0.5107443936949992
  },
  "12, 28": {
    "count": 1007295,
    "wins": 506874,
    "win_percentage": 0.5032031331437166
  },
  "11, 19": {
    "count": 16889,
    "wins": 8039,
    "win_percentage": 0.47599028953756883
  },
  "10, 26": {
    "count": 55160,
    "wins": 28193,
    "win_percentage": 0.511113125453227
  },
  "12, 20": {
    "count": 46213,
    "wins": 20216,
    "win_percentage": 0.43745266483457035
  },
  "6, 21": {
    "count": 58063,
    "wins": 29919,
    "win_percentage": 0.5152851213337237
  },
  "13, 29": {
    "count": 17484,
    "wins": 8896,
    "win_percentage": 0.5088080530770991
  },
  "14, 22": {
    "count": 31127,
    "wins": 14721,
    "win_percentage": 0.4729334661226588
  },
  "9, 17": {
    "count": 23580,
    "wins": 11433,
    "win_percentage": 0.48486005089058526
  },
  "9, 25": {
    "count": 11852,
    "wins": 6203,
    "win_percentage": 0.5233715828552143
  },
  "8, 16": {
    "count": 2409,
    "wins": 994,
    "win_percentage": 0.41261934412619344
  },
  "1, 18": {
    "count": 10850,
    "wins": 5638,
    "win_percentage": 0.5196313364055299
  },
  "14, 30": {
    "count": 6038,
    "wins": 3269,
    "win_percentage": 0.5414044385558132
  },
  "13, 21": {
    "count": 2273,
    "wins": 916,
    "win_percentage": 0.4029916410030796
  },
  "8, 24": {
    "count": 2279,
    "wins": 904,
    "win_percentage": 0.3966652040368583
  },
  "10, 18": {
    "count": 4019,
    "wins": 1798,
    "win_percentage": 0.44737496889773576
  },
  "1, 16": {
    "count": 195,
    "wins": 54,
    "win_percentage": 0.27692307692307694
  },
  "15, 23": {
    "count": 1988,
    "wins": 688,
    "win_percentage": 0.3460764587525151
  },
  "15, 31": {
    "count": 1882,
    "wins": 724,
    "win_percentage": 0.3846971307120085
  },
  "6, 23": {
    "count": 377,
    "wins": 126,
    "win_percentage": 0.33421750663129973
  }
}