{
  "12, 28": {
    "count": 1899719,
    "wins": 943544,
    "win_percentage": 0.49667556096454263
  },
  "10, 26": {
    "count": 121767,
    "wins": 62123,
    "win_percentage": 0.5101792768155576
  },
  "9, 17": {
    "count": 52503,
    "wins": 25760,
    "win_percentage": 0.4906386301735139
  },
  "11, 27": {
    "count": 864348,
    "wins": 440689,
    "win_percentage": 0.5098513561667292
  },
  "1, 18": {
    "count": 21266,
    "wins": 10254,
    "win_percentage": 0.48217812470610366
  },
  "11, 19": {
    "count": 38386,
    "wins": 17952,
    "win_percentage": 0.46767050487156775
  },
  "6, 21": {
    "count": 142932,
    "wins": 73744,
    "win_percentage": 0.5159376486720958
  },
  "15, 31": {
    "count": 2784,
    "wins": 1085,
    "win_percentage": 0.3897270114942529
  },
  "12, 20": {
    "count": 82999,
    "wins": 37236,
    "win_percentage": 0.4486319112278461
  },
  "9, 25": {
    "count": 19786,
    "wins": 10215,
    "win_percentage": 0.516274133225513
  },
  "14, 30": {
    "count": 7619,
    "wins": 3586,
    "win_percentage": 0.47066544165901036
  },
  "13, 29": {
    "count": 37250,
    "wins": 19149,
    "win_percentage": 0.5140671140939598
  },
  "10, 18": {
    "count": 9812,
    "wins": 4549,
    "win_percentage": 0.46361598043212393
  },
  "14, 22": {
    "count": 72538,
    "wins": 36154,
    "win_percentage": 0.49841462405911385
  },
  "6, 23": {
    "count": 504,
    "wins": 151,
    "win_percentage": 0.2996031746031746
  },
  "15, 23": {
    "count": 2074,
    "wins": 897,
    "win_percentage": 0.4324975891996143
  },
  "8, 24": {
    "count": 3100,
    "wins": 1218,
    "win_percentage": 0.3929032258064516
  },
  "13, 21": {
    "count": 4023,
    "wins": 1757,
    "win_percentage": 0.4367387521749938
  },
  "8, 16": {
    "count": 3231,
    "wins": 1301,
    "win_percentage": 0.4026617146394305
  },
  "1, 16": {
    "count": 409,
    "wins": 140,
    "win_percentage": 0.3422982885085575
  }
}