{
  "12, 28": {
    "count": 1033560,
    "wins": 518399,
    "win_percentage": 0.5015664305894191
  },
  "6, 21": {
    "count": 55701,
    "wins": 28329,
    "win_percentage": 0.508590510044703
  },
  "12, 20": {
    "count": 46538,
    "wins": 20783,
    "win_percentage": 0.4465812884094718
  },
  "10, 26": {
    "count": 58322,
    "wins": 29882,
    "win_percentage": 0.5123624018380714
  },
  "11, 27": {
    "count": 444981,
    "wins": 226454,
    "win_percentage": 0.5089071218771138
  },
  "14, 22": {
    "count": 31030,
    "wins": 14852,
    "win_percentage": 0.47863358040605863
  },
  "15, 31": {
    "count": 1960,
    "wins": 772,
    "win_percentage": 0.39387755102040817
  },
  "11, 19": {
    "count": 17080,
    "wins": 7960,
    "win_percentage": 0.46604215456674475
  },
  "9, 17": {
    "count": 23532,
    "wins": 11770,
    "win_percentage": 0.5001699813020568
  },
  "1, 18": {
    "count": 10213,
    "wins": 5151,
    "win_percentage": 0.5043571918143542
  },
  "9, 25": {
    "count": 11702,
    "wins": 5901,
    "win_percentage": 0.5042727738848061
  },
  "10, 18": {
    "count": 3816,
    "wins": 1659,
    "win_percentage": 0.43474842767295596
  },
  "13, 29": {
    "count": 17372,
    "wins": 8767,
    "win_percentage": 0.5046626755698825
  },
  "14, 30": {
    "count": 6499,
    "wins": 3546,
    "win_percentage": 0.5456224034466841
  },
  "15, 23": {
    "count": 2102,
    "wins": 755,
    "win_percentage": 0.3591817316841104
  },
  "6, 23": {
    "count": 349,
    "wins": 111,
    "win_percentage": 0.31805157593123207
  },
  "1, 16": {
    "count": 200,
    "wins": 63,
    "win_percentage": 0.315
  },
  "8, 24": {
    "count": 2002,
    "wins": 791,
    "win_percentage": 0.3951048951048951
  },
  "13, 21": {
    "count": 2054,
    "wins": 863,
    "win_percentage": 0.42015579357351507
  },
  "8, 16": {
    "count": 2094,
    "wins": 903,
    "win_percentage": 0.43123209169054444
  }
}