{
  "12, 28": {
    "count": 2340597,
    "wins": 1162177,
    "win_percentage": 0.4965301587586415
  },
  "11, 27": {
    "count": 1053958,
    "wins": 537095,
    "win_percentage": 0.509598105427351
  },
  "9, 17": {
    "count": 57378,
    "wins": 28672,
    "win_percentage": 0.4997037191955105
  },
  "10, 26": {
    "count": 138102,
    "wins": 71056,
    "win_percentage": 0.5145182546233943
  },
  "11, 19": {
    "count": 47627,
    "wins": 22205,
    "win_percentage": 0.46622714006760874
  },
  "9, 25": {
    "count": 23223,
    "wins": 11787,
    "win_percentage": 0.5075571631572149
  },
  "6, 21": {
    "count": 173510,
    "wins": 90849,
    "win_percentage": 0.5235951818339001
  },
  "12, 20": {
    "count": 104442,
    "wins": 46019,
    "win_percentage": 0.44061775913904366
  },
  "14, 22": {
    "count": 88454,
    "wins": 43542,
    "win_percentage": 0.4922558618038755
  },
  "13, 29": {
    "count": 44285,
    "wins": 22480,
    "win_percentage": 0.5076210906627526
  },
  "10, 18": {
    "count": 13934,
    "wins": 6498,
    "win_percentage": 0.4663413233816564
  },
  "8, 24": {
    "count": 3170,
    "wins": 1280,
    "win_percentage": 0.4037854889589905
  },
  "8, 16": {
    "count": 3072,
    "wins": 1373,
    "win_percentage": 0.4469401041666667
  },
  "1, 18": {
    "count": 27512,
    "wins": 13027,
    "win_percentage": 0.4735024716487351
  },
  "13, 21": {
    "count": 4752,
    "wins": 2192,
    "win_percentage": 0.4612794612794613
  },
  "14, 30": {
    "count": 9065,
    "wins": 4125,
    "win_percentage": 0.4550468836183122
  },
  "15, 31": {
    "count": 4335,
    "wins": 1809,
    "win_percentage": 0.41730103806228375
  },
  "15, 23": {
    "count": 4222,
    "wins": 1598,
    "win_percentage": 0.3784936049265751
  },
  "6, 23": {
    "count": 946,
    "wins": 349,
    "win_percentage": 0.3689217758985201
  },
  "1, 16": {
    "count": 401,
    "wins": 133,
    "win_percentage": 0.3316708229426434
  }
}