{
  "12, 28": {
    "count": 862608,
    "wins": 433431,
    "win_percentage": 0.5024657781982083
  },
  "11, 27": {
    "count": 367980,
    "wins": 188441,
    "win_percentage": 0.5120957660742431
  },
  "14, 22": {
    "count": 30846,
    "wins": 14805,
    "win_percentage": 0.4799649873565454
  },
  "11, 19": {
    "count": 14048,
    "wins": 6796,
    "win_percentage": 0.48376993166287013
  },
  "6, 21": {
    "count": 50027,
    "wins": 25952,
    "win_percentage": 0.518759869670378
  },
  "10, 26": {
    "count": 47704,
    "wins": 24261,
    "win_percentage": 0.5085737045111521
  },
  "10, 18": {
    "count": 3787,
    "wins": 1705,
    "win_percentage": 0.4502244520728809
  },
  "9, 25": {
    "count": 9222,
    "wins": 4702,
    "win_percentage": 0.5098677076556062
  },
  "12, 20": {
    "count": 39157,
    "wins": 16987,
    "win_percentage": 0.4338177082003218
  },
  "1, 18": {
    "count": 8411,
    "wins": 4179,
    "win_percentage": 0.4968493639281893
  },
  "9, 17": {
    "count": 19991,
    "wins": 9828,
    "win_percentage": 0.491621229553299
  },
  "13, 29": {
    "count": 15601,
    "wins": 7776,
    "win_percentage": 0.49842958784693286
  },
  "13, 21": {
    "count": 2146,
    "wins": 881,
    "win_percentage": 0.4105312208760485
  },
  "8, 16": {
    "count": 2028,
    "wins": 906,
    "win_percentage": 0.4467455621301775
  },
  "15, 31": {
    "count": 1891,
    "wins": 790,
    "win_percentage": 0.4177683765203596
  },
  "15, 23": {
    "count": 1375,
    "wins": 470,
    "win_percentage": 0.3418181818181818
  },
  "8, 24": {
    "count": 1296,
    "wins": 460,
    "win_percentage": 0.3549382716049383
  },
  "14, 30": {
    "count": 4389,
    "wins": 2374,
    "win_percentage": 0.5408976987924357
  },
  "6, 23": {
    "count": 224,
    "wins": 67,
    "win_percentage": 0.29910714285714285
  },
  "1, 16": {
    "count": 145,
    "wins": 47,
    "win_percentage": 0.32413793103448274
  }
}