{
  "10, 26": {
    "count": 98464,
    "wins": 50448,
    "win_percentage": 0.5123496912577186
  },
  "6, 21": {
    "count": 110600,
    "wins": 57693,
    "win_percentage": 0.5216365280289331
  },
  "12, 28": {
    "count": 1593201,
    "wins": 791297,
    "win_percentage": 0.4966711670404425
  },
  "9, 25": {
    "count": 16191,
    "wins": 8273,
    "win_percentage": 0.510962880612686
  },
  "12, 20": {
    "count": 73933,
    "wins": 33345,
    "win_percentage": 0.4510164608496882
  },
  "11, 19": {
    "count": 33885,
    "wins": 15493,
    "win_percentage": 0.4572229600118046
  },
  "11, 27": {
    "count": 726746,
    "wins": 369427,
    "win_percentage": 0.5083302832076131
  },
  "14, 22": {
    "count": 55051,
    "wins": 27684,
    "win_percentage": 0.502879148426005
  },
  "9, 17": {
    "count": 44883,
    "wins": 22322,
    "win_percentage": 0.4973375220016487
  },
  "13, 29": {
    "count": 33776,
    "wins": 17110,
    "win_percentage": 0.506572714353387
  },
  "1, 18": {
    "count": 17042,
    "wins": 8126,
    "win_percentage": 0.47682196925243514
  },
  "8, 16": {
    "count": 2076,
    "wins": 865,
    "win_percentage": 0.4166666666666667
  },
  "1, 16": {
    "count": 260,
    "wins": 96,
    "win_percentage": 0.36923076923076925
  },
  "14, 30": {
    "count": 6787,
    "wins": 3266,
    "win_percentage": 0.4812140857521733
  },
  "10, 18": {
    "count": 11170,
    "wins": 5460,
    "win_percentage": 0.4888093106535363
  },
  "15, 31": {
    "count": 2160,
    "wins": 839,
    "win_percentage": 0.38842592592592595
  },
  "8, 24": {
    "count": 2297,
    "wins": 824,
    "win_percentage": 0.3587287766652155
  },
  "15, 23": {
    "count": 1418,
    "wins": 552,
    "win_percentage": 0.38928067700987307
  },
  "13, 21": {
    "count": 3062,
    "wins": 1211,
    "win_percentage": 0.3954931417374265
  },
  "6, 23": {
    "count": 736,
    "wins": 220,
    "win_percentage": 0.29891304347826086
  }
}