{
  "10, 26": {
    "count": 76097,
    "wins": 38858,
    "win_percentage": 0.5106377386756377
  },
  "12, 28": {
    "count": 1300198,
    "wins": 650602,
    "win_percentage": 0.5003868641545365
  },
  "11, 27": {
    "count": 595277,
    "wins": 302200,
    "win_percentage": 0.5076628191581398
  },
  "9, 17": {
    "count": 34653,
    "wins": 17481,
    "win_percentage": 0.5044584884425591
  },
  "12, 20": {
    "count": 57991,
    "wins": 25910,
    "win_percentage": 0.4467934679519236
  },
  "6, 21": {
    "count": 87274,
    "wins": 46176,
    "win_percentage": 0.5290922840708573
  },
  "14, 22": {
    "count": 47405,
    "wins": 23481,
    "win_percentage": 0.49532749709946206
  },
  "9, 25": {
    "count": 12351,
    "wins": 6466,
    "win_percentage": 0.5235203627236661
  },
  "15, 23": {
    "count": 1844,
    "wins": 740,
    "win_percentage": 0.40130151843817785
  },
  "13, 29": {
    "count": 25508,
    "wins": 12688,
    "win_percentage": 0.49741257644660497
  },
  "10, 18": {
    "count": 8024,
    "wins": 3976,
    "win_percentage": 0.4955134596211366
  },
  "8, 24": {
    "count": 2291,
    "wins": 886,
    "win_percentage": 0.3867306852902663
  },
  "14, 30": {
    "count": 5947,
    "wins": 3150,
    "win_percentage": 0.5296788296620145
  },
  "11, 19": {
    "count": 26624,
    "wins": 12295,
    "win_percentage": 0.46180138221153844
  },
  "1, 18": {
    "count": 13018,
    "wins": 6223,
    "win_percentage": 0.4780304194192656
  },
  "13, 21": {
    "count": 3347,
    "wins": 1483,
    "win_percentage": 0.4430833582312519
  },
  "15, 31": {
    "count": 3165,
    "wins": 1357,
    "win_percentage": 0.4287519747235387
  },
  "8, 16": {
    "count": 2313,
    "wins": 1026,
    "win_percentage": 0.44357976653696496
  },
  "6, 23": {
    "count": 586,
    "wins": 243,
    "win_percentage": 0.41467576791808874
  },
  "1, 16": {
    "count": 276,
    "wins": 76,
    "win_percentage": 0.2753623188405797
  }
}