{
  "6, 21": {
    "count": 93480,
    "wins": 49131,
    "win_percentage": 0.5255776636713736
  },
  "12, 28": {
    "count": 1373682,
    "wins": 683695,
    "win_percentage": 0.4977098047437471
  },
  "11, 27": {
    "count": 623723,
    "wins": 317120,
    "win_percentage": 0.5084308258634042
  },
  "11, 19": {
    "count": 27476,
    "wins": 12510,
    "win_percentage": 0.45530644926481295
  },
  "12, 20": {
    "count": 58488,
    "wins": 26059,
    "win_percentage": 0.44554438517302697
  },
  "10, 26": {
    "count": 84734,
    "wins": 43075,
    "win_percentage": 0.5083555597516936
  },
  "14, 22": {
    "count": 52501,
    "wins": 25787,
    "win_percentage": 0.49117159673149086
  },
  "14, 30": {
    "count": 6348,
    "wins": 2965,
    "win_percentage": 0.4670762444864524
  },
  "9, 25": {
    "count": 14314,
    "wins": 7290,
    "win_percentage": 0.509291602626799
  },
  "1, 18": {
    "count": 15462,
    "wins": 7500,
    "win_percentage": 0.48506014745828485
  },
  "9, 17": {
    "count": 37622,
    "wins": 18915,
    "win_percentage": 0.5027643400138218
  },
  "13, 29": {
    "count": 25644,
    "wins": 13009,
    "win_percentage": 0.5072921541101232
  },
  "8, 24": {
    "count": 2278,
    "wins": 864,
    "win_percentage": 0.37928007023705007
  },
  "10, 18": {
    "count": 8915,
    "wins": 4463,
    "win_percentage": 0.500616937745373
  },
  "13, 21": {
    "count": 3201,
    "wins": 1424,
    "win_percentage": 0.44486098094345516
  },
  "15, 23": {
    "count": 1466,
    "wins": 563,
    "win_percentage": 0.3840381991814461
  },
  "8, 16": {
    "count": 2400,
    "wins": 1047,
    "win_percentage": 0.43625
  },
  "15, 31": {
    "count": 2758,
    "wins": 1181,
    "win_percentage": 0.4282088469905729
  },
  "1, 16": {
    "count": 237,
    "wins": 60,
    "win_percentage": 0.25316455696202533
  },
  "6, 23": {
    "count": 635,
    "wins": 249,
    "win_percentage": 0.3921259842519685
  }
}