{
  "12, 28": {
    "count": 1452293,
    "wins": 723255,
    "win_percentage": 0.4980090105784439
  },
  "11, 27": {
    "count": 675685,
    "wins": 343017,
    "win_percentage": 0.5076581543174704
  },
  "13, 29": {
    "count": 29850,
    "wins": 15164,
    "win_percentage": 0.5080067001675042
  },
  "10, 18": {
    "count": 9977,
    "wins": 4879,
    "win_percentage": 0.4890247569409642
  },
  "11, 19": {
    "count": 29245,
    "wins": 13463,
    "win_percentage": 0.46035219695674473
  },
  "10, 26": {
    "count": 95134,
    "wins": 48972,
    "win_percentage": 0.5147686421258435
  },
  "6, 21": {
    "count": 99845,
    "wins": 52887,
    "win_percentage": 0.5296910210826782
  },
  "9, 25": {
    "count": 13547,
    "wins": 6955,
    "win_percentage": 0.513397800250978
  },
  "12, 20": {
    "count": 63721,
    "wins": 28085,
    "win_percentage": 0.44074951742753565
  },
  "14, 30": {
    "count": 7131,
    "wins": 3515,
    "win_percentage": 0.49291824428551395
  },
  "15, 31": {
    "count": 2687,
    "wins": 1068,
    "win_percentage": 0.3974692966133234
  },
  "14, 22": {
    "count": 52278,
    "wins": 25761,
    "win_percentage": 0.4927694249971307
  },
  "9, 17": {
    "count": 44906,
    "wins": 22075,
    "win_percentage": 0.4915824166035719
  },
  "13, 21": {
    "count": 3166,
    "wins": 1442,
    "win_percentage": 0.4554643082754264
  },
  "1, 18": {
    "count": 14226,
    "wins": 6871,
    "win_percentage": 0.48298889357514413
  },
  "8, 16": {
    "count": 2302,
    "wins": 1003,
    "win_percentage": 0.4357080799304952
  },
  "15, 23": {
    "count": 1285,
    "wins": 489,
    "win_percentage": 0.38054474708171204
  },
  "8, 24": {
    "count": 1757,
    "wins": 676,
    "win_percentage": 0.38474672737620946
  },
  "6, 23": {
    "count": 608,
    "wins": 209,
    "win_percentage": 0.34375
  },
  "1, 16": {
    "count": 209,
    "wins": 61,
    "win_percentage": 0.291866028708134
  }
}