{
  "6, 21": {
    "count": 48240,
    "wins": 25376,
    "win_percentage": 0.5260364842454395
  },
  "11, 19": {
    "count": 13585,
    "wins": 6767,
    "win_percentage": 0.49812292970187705
  },
  "12, 28": {
    "count": 866410,
    "wins": 434481,
    "win_percentage": 0.5014727438510636
  },
  "9, 17": {
    "count": 24172,
    "wins": 12134,
    "win_percentage": 0.5019857686579513
  },
  "14, 22": {
    "count": 33198,
    "wins": 15775,
    "win_percentage": 0.47517922766431714
  },
  "11, 27": {
    "count": 356128,
    "wins": 183435,
    "win_percentage": 0.5150816560337856
  },
  "12, 20": {
    "count": 39754,
    "wins": 17408,
    "win_percentage": 0.43789304220958897
  },
  "9, 25": {
    "count": 10281,
    "wins": 5121,
    "win_percentage": 0.4981032973446163
  },
  "10, 26": {
    "count": 48393,
    "wins": 25155,
    "win_percentage": 0.5198065835968012
  },
  "10, 18": {
    "count": 3911,
    "wins": 1698,
    "win_percentage": 0.4341600613653797
  },
  "1, 18": {
    "count": 8891,
    "wins": 4329,
    "win_percentage": 0.4868968619952761
  },
  "15, 31": {
    "count": 1626,
    "wins": 586,
    "win_percentage": 0.36039360393603936
  },
  "8, 24": {
    "count": 1140,
    "wins": 432,
    "win_percentage": 0.37894736842105264
  },
  "13, 29": {
    "count": 16969,
    "wins": 8614,
    "win_percentage": 0.5076315634392127
  },
  "15, 23": {
    "count": 1630,
    "wins": 573,
    "win_percentage": 0.35153374233128837
  },
  "6, 23": {
    "count": 257,
    "wins": 74,
    "win_percentage": 0.28793774319066145
  },
  "13, 21": {
    "count": 2206,
    "wins": 827,
    "win_percentage": 0.37488667271078874
  },
  "14, 30": {
    "count": 4539,
    "wins": 2528,
    "win_percentage": 0.5569508702357348
  },
  "8, 16": {
    "count": 1999,
    "wins": 869,
    "win_percentage": 0.4347173586793397
  },
  "1, 16": {
    "count": 188,
    "wins": 53,
    "win_percentage": 0.28191489361702127
  }
}