{
  "12, 28": {
    "count": 2005551,
    "wins": 996482,
    "win_percentage": 0.496861959631044
  },
  "14, 22": {
    "count": 78229,
    "wins": 38534,
    "win_percentage": 0.49257947819862197
  },
  "11, 27": {
    "count": 910310,
    "wins": 464516,
    "win_percentage": 0.5102833100811811
  },
  "10, 26": {
    "count": 126361,
    "wins": 64770,
    "win_percentage": 0.512579039418808
  },
  "6, 21": {
    "count": 150423,
    "wins": 79126,
    "win_percentage": 0.5260232810142066
  },
  "9, 17": {
    "count": 53978,
    "wins": 27677,
    "win_percentage": 0.5127459335284745
  },
  "1, 18": {
    "count": 22914,
    "wins": 10938,
    "win_percentage": 0.477350091647028
  },
  "12, 20": {
    "count": 92175,
    "wins": 40342,
    "win_percentage": 0.4376674803363168
  },
  "10, 18": {
    "count": 12105,
    "wins": 5728,
    "win_percentage": 0.4731928954977282
  },
  "11, 19": {
    "count": 45232,
    "wins": 20948,
    "win_percentage": 0.4631234524230633
  },
  "8, 24": {
    "count": 3470,
    "wins": 1357,
    "win_percentage": 0.39106628242074926
  },
  "9, 25": {
    "count": 22341,
    "wins": 11429,
    "win_percentage": 0.5115706548498277
  },
  "14, 30": {
    "count": 7074,
    "wins": 3363,
    "win_percentage": 0.47540288379983037
  },
  "15, 31": {
    "count": 4239,
    "wins": 1746,
    "win_percentage": 0.4118895966029724
  },
  "8, 16": {
    "count": 3011,
    "wins": 1306,
    "win_percentage": 0.4337429425440053
  },
  "13, 29": {
    "count": 37500,
    "wins": 19242,
    "win_percentage": 0.51312
  },
  "1, 16": {
    "count": 441,
    "wins": 171,
    "win_percentage": 0.3877551020408163
  },
  "15, 23": {
    "count": 2736,
    "wins": 1282,
    "win_percentage": 0.4685672514619883
  },
  "13, 21": {
    "count": 4295,
    "wins": 1856,
    "win_percentage": 0.43213038416763677
  },
  "6, 23": {
    "count": 606,
    "wins": 174,
    "win_percentage": 0.2871287128712871
  }
}