{
  "12, 28": {
    "count": 3589854,
    "wins": 1777599,
    "win_percentage": 0.4951730627485129
  },
  "11, 27": {
    "count": 1546780,
    "wins": 785786,
    "win_percentage": 0.5080140679346772
  },
  "6, 21": {
    "count": 238204,
    "wins": 125187,
    "win_percentage": 0.5255453308928482
  },
  "10, 26": {
    "count": 210171,
    "wins": 106852,
    "win_percentage": 0.508405060641097
  },
  "14, 22": {
    "count": 110291,
    "wins": 54032,
    "win_percentage": 0.48990398128587104
  },
  "11, 19": {
    "count": 67496,
    "wins": 31521,
    "win_percentage": 0.4670054521749437
  },
  "15, 31": {
    "count": 5246,
    "wins": 2130,
    "win_percentage": 0.40602363705680516
  },
  "13, 29": {
    "count": 65973,
    "wins": 32753,
    "win_percentage": 0.4964606733057463
  },
  "1, 18": {
    "count": 40773,
    "wins": 19450,
    "win_percentage": 0.477031368797979
  },
  "12, 20": {
    "count": 154003,
    "wins": 68137,
    "win_percentage": 0.4424394329980585
  },
  "9, 17": {
    "count": 83829,
    "wins": 42107,
    "win_percentage": 0.5022963413615813
  },
  "9, 25": {
    "count": 32404,
    "wins": 16469,
    "win_percentage": 0.508239723490927
  },
  "14, 30": {
    "count": 16473,
    "wins": 7802,
    "win_percentage": 0.47362350512960605
  },
  "10, 18": {
    "count": 22759,
    "wins": 10676,
    "win_percentage": 0.46908915154444397
  },
  "13, 21": {
    "count": 6277,
    "wins": 2676,
    "win_percentage": 0.4263183049227338
  },
  "8, 24": {
    "count": 6308,
    "wins": 2767,
    "win_percentage": 0.43864933417882057
  },
  "15, 23": {
    "count": 4260,
    "wins": 1768,
    "win_percentage": 0.41502347417840374
  },
  "6, 23": {
    "count": 1374,
    "wins": 475,
    "win_percentage": 0.3457059679767103
  },
  "8, 16": {
    "count": 6329,
    "wins": 2989,
    "win_percentage": 0.4722705008690156
  },
  "1, 16": {
    "count": 559,
    "wins": 182,
    "win_percentage": 0.32558139534883723
  }
}