{
  "13, 29": {
    "count": 61654,
    "wins": 30438,
    "win_percentage": 0.49369059590618614
  },
  "12, 28": {
    "count": 3545069,
    "wins": 1755291,
    "win_percentage": 0.49513591978040483
  },
  "11, 27": {
    "count": 1525631,
    "wins": 773864,
    "win_percentage": 0.50724192153935
  },
  "14, 30": {
    "count": 15350,
    "wins": 7270,
    "win_percentage": 0.4736156351791531
  },
  "10, 26": {
    "count": 204420,
    "wins": 104906,
    "win_percentage": 0.5131885334116035
  },
  "11, 19": {
    "count": 63688,
    "wins": 29436,
    "win_percentage": 0.46219067956286897
  },
  "12, 20": {
    "count": 151944,
    "wins": 67290,
    "win_percentage": 0.44286052756278627
  },
  "14, 22": {
    "count": 107919,
    "wins": 52706,
    "win_percentage": 0.4883848071238614
  },
  "1, 18": {
    "count": 41994,
    "wins": 20206,
    "win_percentage": 0.4811639758060675
  },
  "6, 21": {
    "count": 232712,
    "wins": 122232,
    "win_percentage": 0.525250094537454
  },
  "9, 17": {
    "count": 83531,
    "wins": 42540,
    "win_percentage": 0.5092720067998707
  },
  "10, 18": {
    "count": 22835,
    "wins": 10934,
    "win_percentage": 0.47882636303919424
  },
  "9, 25": {
    "count": 32679,
    "wins": 16489,
    "win_percentage": 0.5045748033905566
  },
  "15, 31": {
    "count": 6062,
    "wins": 2454,
    "win_percentage": 0.4048168921148136
  },
  "8, 24": {
    "count": 4974,
    "wins": 1967,
    "win_percentage": 0.3954563731403297
  },
  "15, 23": {
    "count": 4762,
    "wins": 1984,
    "win_percentage": 0.4166316673666527
  },
  "8, 16": {
    "count": 5936,
    "wins": 2739,
    "win_percentage": 0.46142183288409705
  },
  "13, 21": {
    "count": 5614,
    "wins": 2294,
    "win_percentage": 0.40862130388314927
  },
  "6, 23": {
    "count": 1194,
    "wins": 425,
    "win_percentage": 0.3559463986599665
  },
  "1, 16": {
    "count": 629,
    "wins": 193,
    "win_percentage": 0.3068362480127186
  }
}