{
  "12, 28": {
    "count": 4389750,
    "wins": 2175265,
    "win_percentage": 0.49553277521498945
  },
  "11, 27": {
    "count": 1883080,
    "wins": 953680,
    "win_percentage": 0.506446884890711
  },
  "10, 26": {
    "count": 259788,
    "wins": 133177,
    "win_percentage": 0.5126372272776264
  },
  "12, 20": {
    "count": 189361,
    "wins": 83308,
    "win_percentage": 0.4399427548439225
  },
  "1, 18": {
    "count": 50847,
    "wins": 24607,
    "win_percentage": 0.483942022144866
  },
  "6, 21": {
    "count": 275605,
    "wins": 146055,
    "win_percentage": 0.5299432158342555
  },
  "11, 19": {
    "count": 77606,
    "wins": 36459,
    "win_percentage": 0.46979614978223333
  },
  "10, 18": {
    "count": 28502,
    "wins": 13102,
    "win_percentage": 0.4596870395059996
  },
  "13, 29": {
    "count": 82827,
    "wins": 42000,
    "win_percentage": 0.5070810243036691
  },
  "9, 17": {
    "count": 100982,
    "wins": 50456,
    "win_percentage": 0.4996534035768751
  },
  "14, 22": {
    "count": 134111,
    "wins": 64982,
    "win_percentage": 0.4845389267099641
  },
  "15, 31": {
    "count": 7120,
    "wins": 2834,
    "win_percentage": 0.39803370786516856
  },
  "9, 25": {
    "count": 41975,
    "wins": 21421,
    "win_percentage": 0.5103275759380583
  },
  "14, 30": {
    "count": 18835,
    "wins": 8980,
    "win_percentage": 0.4767719670825591
  },
  "15, 23": {
    "count": 6557,
    "wins": 2623,
    "win_percentage": 0.40003050175385085
  },
  "13, 21": {
    "count": 7701,
    "wins": 3246,
    "win_percentage": 0.4215037008180756
  },
  "8, 24": {
    "count": 8592,
    "wins": 3606,
    "win_percentage": 0.4196927374301676
  },
  "8, 16": {
    "count": 8120,
    "wins": 3535,
    "win_percentage": 0.4353448275862069
  },
  "1, 16": {
    "count": 815,
    "wins": 290,
    "win_percentage": 0.3558282208588957
  },
  "6, 23": {
    "count": 1751,
    "wins": 698,
    "win_percentage": 0.3986293546544831
  }
}