{
  "12, 28": {
    "count": 3308718,
    "wins": 1640935,
    "win_percentage": 0.49594283949251644
  },
  "11, 27": {
    "count": 1461601,
    "wins": 743171,
    "win_percentage": 0.5084636641600546
  },
  "10, 26": {
    "count": 182455,
    "wins": 93281,
    "win_percentage": 0.5112548299580718
  },
  "11, 19": {
    "count": 66931,
    "wins": 30759,
    "win_percentage": 0.45956283336570497
  },
  "6, 21": {
    "count": 232024,
    "wins": 122027,
    "win_percentage": 0.5259240423404475
  },
  "1, 18": {
    "count": 37547,
    "wins": 18128,
    "win_percentage": 0.4828082137054891
  },
  "15, 31": {
    "count": 6370,
    "wins": 2513,
    "win_percentage": 0.3945054945054945
  },
  "14, 22": {
    "count": 110985,
    "wins": 53469,
    "win_percentage": 0.48176780646033246
  },
  "12, 20": {
    "count": 144395,
    "wins": 64372,
    "win_percentage": 0.44580491014231793
  },
  "10, 18": {
    "count": 20345,
    "wins": 9482,
    "win_percentage": 0.46606045711477023
  },
  "9, 25": {
    "count": 29738,
    "wins": 15171,
    "win_percentage": 0.5101553567825677
  },
  "1, 16": {
    "count": 564,
    "wins": 209,
    "win_percentage": 0.37056737588652483
  },
  "9, 17": {
    "count": 86028,
    "wins": 43622,
    "win_percentage": 0.5070674664062863
  },
  "13, 29": {
    "count": 58636,
    "wins": 29668,
    "win_percentage": 0.5059690292652977
  },
  "15, 23": {
    "count": 5087,
    "wins": 1919,
    "win_percentage": 0.3772360919992137
  },
  "14, 30": {
    "count": 15595,
    "wins": 7420,
    "win_percentage": 0.4757935235652453
  },
  "8, 16": {
    "count": 5012,
    "wins": 2329,
    "win_percentage": 0.46468475658419794
  },
  "6, 23": {
    "count": 1148,
    "wins": 396,
    "win_percentage": 0.34494773519163763
  },
  "8, 24": {
    "count": 3935,
    "wins": 1501,
    "win_percentage": 0.3814485387547649
  },
  "13, 21": {
    "count": 6687,
    "wins": 2860,
    "win_percentage": 0.42769552863765514
  }
}