{
  "6, 21": {
    "count": 242210,
    "wins": 127065,
    "win_percentage": 0.5246067462119648
  },
  "11, 27": {
    "count": 1677963,
    "wins": 851675,
    "win_percentage": 0.5075648271147815
  },
  "12, 28": {
    "count": 3964722,
    "wins": 1966035,
    "win_percentage": 0.4958821829121941
  },
  "13, 29": {
    "count": 68062,
    "wins": 34690,
    "win_percentage": 0.5096823484470042
  },
  "14, 22": {
    "count": 117981,
    "wins": 56967,
    "win_percentage": 0.48284893330281997
  },
  "10, 18": {
    "count": 25059,
    "wins": 11984,
    "win_percentage": 0.4782313739574604
  },
  "10, 26": {
    "count": 231562,
    "wins": 118629,
    "win_percentage": 0.5122990818873563
  },
  "9, 17": {
    "count": 91950,
    "wins": 45914,
    "win_percentage": 0.49933659597607394
  },
  "11, 19": {
    "count": 69177,
    "wins": 32500,
    "win_percentage": 0.4698093296905041
  },
  "14, 30": {
    "count": 15707,
    "wins": 7249,
    "win_percentage": 0.46151397466097915
  },
  "9, 25": {
    "count": 37321,
    "wins": 19383,
    "win_percentage": 0.5193590739797969
  },
  "1, 18": {
    "count": 48671,
    "wins": 23762,
    "win_percentage": 0.48821680261346595
  },
  "12, 20": {
    "count": 166813,
    "wins": 73147,
    "win_percentage": 0.43849699963432104
  },
  "13, 21": {
    "count": 7300,
    "wins": 3201,
    "win_percentage": 0.4384931506849315
  },
  "15, 31": {
    "count": 6167,
    "wins": 2525,
    "win_percentage": 0.4094373277120156
  },
  "8, 16": {
    "count": 6960,
    "wins": 3193,
    "win_percentage": 0.458764367816092
  },
  "15, 23": {
    "count": 5152,
    "wins": 2268,
    "win_percentage": 0.44021739130434784
  },
  "8, 24": {
    "count": 6466,
    "wins": 2691,
    "win_percentage": 0.4161769254562326
  },
  "6, 23": {
    "count": 1593,
    "wins": 597,
    "win_percentage": 0.3747645951035782
  },
  "1, 16": {
    "count": 616,
    "wins": 263,
    "win_percentage": 0.42694805194805197
  }
}