{
  "12, 28": {
    "count": 5625864,
    "wins": 2782277,
    "win_percentage": 0.49455105917953224
  },
  "11, 27": {
    "count": 2243339,
    "wins": 1135612,
    "win_percentage": 0.5062150660243503
  },
  "14, 22": {
    "count": 164556,
    "wins": 80140,
    "win_percentage": 0.4870074625051654
  },
  "12, 20": {
    "count": 219651,
    "wins": 97709,
    "win_percentage": 0.4448374922035411
  },
  "11, 19": {
    "count": 91099,
    "wins": 42364,
    "win_percentage": 0.4650325470092976
  },
  "9, 25": {
    "count": 49950,
    "wins": 25319,
    "win_percentage": 0.5068868868868869
  },
  "10, 26": {
    "count": 298913,
    "wins": 153330,
    "win_percentage": 0.5129586200667083
  },
  "10, 18": {
    "count": 31033,
    "wins": 14229,
    "win_percentage": 0.4585119066799858
  },
  "1, 18": {
    "count": 57835,
    "wins": 28122,
    "win_percentage": 0.4862453531598513
  },
  "9, 17": {
    "count": 125575,
    "wins": 63778,
    "win_percentage": 0.5078877165040813
  },
  "6, 21": {
    "count": 321516,
    "wins": 168671,
    "win_percentage": 0.524611527886637
  },
  "13, 29": {
    "count": 93336,
    "wins": 47017,
    "win_percentage": 0.5037391788806034
  },
  "14, 30": {
    "count": 25672,
    "wins": 11942,
    "win_percentage": 0.46517606731068867
  },
  "8, 16": {
    "count": 9064,
    "wins": 3921,
    "win_percentage": 0.43259046778464255
  },
  "15, 23": {
    "count": 8621,
    "wins": 3501,
    "win_percentage": 0.4061013803503074
  },
  "8, 24": {
    "count": 9382,
    "wins": 3897,
    "win_percentage": 0.4153698571733106
  },
  "13, 21": {
    "count": 10391,
    "wins": 4460,
    "win_percentage": 0.42921759214705035
  },
  "15, 31": {
    "count": 9078,
    "wins": 3554,
    "win_percentage": 0.3914959242123816
  },
  "6, 23": {
    "count": 4013,
    "wins": 1819,
    "win_percentage": 0.45327685023673064
  },
  "1, 16": {
    "count": 961,
    "wins": 360,
    "win_percentage": 0.37460978147762747
  }
}