{
  "11, 27": {
    "count": 1251061,
    "wins": 636178,
    "win_percentage": 0.508510776053286
  },
  "12, 28": {
    "count": 2851374,
    "wins": 1418113,
    "win_percentage": 0.4973437367388494
  },
  "9, 25": {
    "count": 25470,
    "wins": 13106,
    "win_percentage": 0.5145661562622693
  },
  "14, 22": {
    "count": 99199,
    "wins": 48563,
    "win_percentage": 0.4895513059607456
  },
  "11, 19": {
    "count": 58378,
    "wins": 26961,
    "win_percentage": 0.46183493781904145
  },
  "8, 24": {
    "count": 2815,
    "wins": 988,
    "win_percentage": 0.35097690941385434
  },
  "9, 17": {
    "count": 70763,
    "wins": 35442,
    "win_percentage": 0.5008549665785792
  },
  "6, 21": {
    "count": 207517,
    "wins": 109080,
    "win_percentage": 0.5256436822043495
  },
  "10, 18": {
    "count": 16708,
    "wins": 7592,
    "win_percentage": 0.4543931050993536
  },
  "13, 29": {
    "count": 54902,
    "wins": 27420,
    "win_percentage": 0.4994353575461732
  },
  "1, 18": {
    "count": 34310,
    "wins": 16262,
    "win_percentage": 0.473972602739726
  },
  "10, 26": {
    "count": 164899,
    "wins": 85148,
    "win_percentage": 0.5163645625504096
  },
  "12, 20": {
    "count": 125157,
    "wins": 55778,
    "win_percentage": 0.4456642457073915
  },
  "14, 30": {
    "count": 13226,
    "wins": 6177,
    "win_percentage": 0.46703462876153035
  },
  "13, 21": {
    "count": 5388,
    "wins": 2175,
    "win_percentage": 0.4036748329621381
  },
  "1, 16": {
    "count": 579,
    "wins": 190,
    "win_percentage": 0.3281519861830743
  },
  "15, 31": {
    "count": 5039,
    "wins": 1848,
    "win_percentage": 0.36673943242706886
  },
  "6, 23": {
    "count": 810,
    "wins": 264,
    "win_percentage": 0.32592592592592595
  },
  "15, 23": {
    "count": 5729,
    "wins": 2531,
    "win_percentage": 0.4417873974515622
  },
  "8, 16": {
    "count": 4178,
    "wins": 1886,
    "win_percentage": 0.45141215892771663
  }
}