{
  "12, 28": {
    "count": 2698715,
    "wins": 1341793,
    "win_percentage": 0.49719699931263583
  },
  "11, 27": {
    "count": 1200999,
    "wins": 608524,
    "win_percentage": 0.5066815209671282
  },
  "10, 26": {
    "count": 157812,
    "wins": 81494,
    "win_percentage": 0.5163992598788432
  },
  "11, 19": {
    "count": 55218,
    "wins": 26192,
    "win_percentage": 0.4743380781629179
  },
  "13, 29": {
    "count": 48506,
    "wins": 24243,
    "win_percentage": 0.49979383993732734
  },
  "14, 22": {
    "count": 98539,
    "wins": 48491,
    "win_percentage": 0.49209957478764754
  },
  "9, 17": {
    "count": 68782,
    "wins": 34217,
    "win_percentage": 0.4974702683841703
  },
  "6, 21": {
    "count": 200834,
    "wins": 104527,
    "win_percentage": 0.5204646623579673
  },
  "10, 18": {
    "count": 12949,
    "wins": 5732,
    "win_percentage": 0.4426596648389837
  },
  "8, 16": {
    "count": 3726,
    "wins": 1719,
    "win_percentage": 0.4613526570048309
  },
  "12, 20": {
    "count": 119160,
    "wins": 52908,
    "win_percentage": 0.4440080563947633
  },
  "1, 18": {
    "count": 31145,
    "wins": 15027,
    "win_percentage": 0.4824851501043506
  },
  "9, 25": {
    "count": 24667,
    "wins": 12745,
    "win_percentage": 0.5166822069972027
  },
  "14, 30": {
    "count": 13759,
    "wins": 6512,
    "win_percentage": 0.47329021004433464
  },
  "8, 24": {
    "count": 3258,
    "wins": 1194,
    "win_percentage": 0.3664825046040516
  },
  "15, 31": {
    "count": 4563,
    "wins": 1714,
    "win_percentage": 0.37563006793776027
  },
  "13, 21": {
    "count": 5657,
    "wins": 2350,
    "win_percentage": 0.4154145306699664
  },
  "15, 23": {
    "count": 6164,
    "wins": 2486,
    "win_percentage": 0.4033095392602206
  },
  "6, 23": {
    "count": 911,
    "wins": 280,
    "win_percentage": 0.30735455543358947
  },
  "1, 16": {
    "count": 497,
    "wins": 144,
    "win_percentage": 0.289738430583501
  }
}