{
  "11, 27": {
    "count": 1558785,
    "wins": 788409,
    "win_percentage": 0.5057843127820707
  },
  "12, 28": {
    "count": 3623372,
    "wins": 1797103,
    "win_percentage": 0.49597529593980416
  },
  "12, 20": {
    "count": 155379,
    "wins": 68218,
    "win_percentage": 0.4390425990642236
  },
  "9, 25": {
    "count": 33975,
    "wins": 17096,
    "win_percentage": 0.5031935246504783
  },
  "10, 26": {
    "count": 203610,
    "wins": 104486,
    "win_percentage": 0.5131673296989342
  },
  "10, 18": {
    "count": 21449,
    "wins": 9735,
    "win_percentage": 0.45386731316145273
  },
  "9, 17": {
    "count": 90656,
    "wins": 45905,
    "win_percentage": 0.5063647193787505
  },
  "6, 21": {
    "count": 237787,
    "wins": 124885,
    "win_percentage": 0.5251969199325447
  },
  "14, 22": {
    "count": 111655,
    "wins": 54398,
    "win_percentage": 0.4871971698535668
  },
  "1, 18": {
    "count": 42208,
    "wins": 20477,
    "win_percentage": 0.48514499620924945
  },
  "11, 19": {
    "count": 64812,
    "wins": 30108,
    "win_percentage": 0.46454360303647474
  },
  "15, 31": {
    "count": 5737,
    "wins": 2334,
    "win_percentage": 0.40683283946313403
  },
  "8, 16": {
    "count": 6420,
    "wins": 2938,
    "win_percentage": 0.45763239875389405
  },
  "13, 29": {
    "count": 66122,
    "wins": 32561,
    "win_percentage": 0.4924382202595203
  },
  "14, 30": {
    "count": 16343,
    "wins": 7599,
    "win_percentage": 0.4649697118032185
  },
  "13, 21": {
    "count": 6748,
    "wins": 2903,
    "win_percentage": 0.43020154119739185
  },
  "8, 24": {
    "count": 4600,
    "wins": 1889,
    "win_percentage": 0.4106521739130435
  },
  "1, 16": {
    "count": 518,
    "wins": 186,
    "win_percentage": 0.3590733590733591
  },
  "15, 23": {
    "count": 4824,
    "wins": 1944,
    "win_percentage": 0.40298507462686567
  },
  "6, 23": {
    "count": 1184,
    "wins": 398,
    "win_percentage": 0.33614864864864863
  }
}