{
  "12, 28": {
    "count": 3734379,
    "wins": 1849768,
    "win_percentage": 0.49533483344888135
  },
  "11, 27": {
    "count": 1610554,
    "wins": 815368,
    "win_percentage": 0.506265545892904
  },
  "10, 26": {
    "count": 222802,
    "wins": 114262,
    "win_percentage": 0.5128409978366442
  },
  "6, 21": {
    "count": 237858,
    "wins": 125644,
    "win_percentage": 0.5282311294974312
  },
  "12, 20": {
    "count": 159777,
    "wins": 69726,
    "win_percentage": 0.43639572654387054
  },
  "1, 18": {
    "count": 43805,
    "wins": 21565,
    "win_percentage": 0.4922954000684853
  },
  "9, 25": {
    "count": 35824,
    "wins": 18110,
    "win_percentage": 0.505527020991514
  },
  "13, 29": {
    "count": 70496,
    "wins": 35479,
    "win_percentage": 0.5032767816613709
  },
  "10, 18": {
    "count": 22656,
    "wins": 10688,
    "win_percentage": 0.4717514124293785
  },
  "14, 22": {
    "count": 116673,
    "wins": 57356,
    "win_percentage": 0.49159617049360177
  },
  "9, 17": {
    "count": 91772,
    "wins": 45860,
    "win_percentage": 0.4997166891862442
  },
  "15, 23": {
    "count": 4383,
    "wins": 1792,
    "win_percentage": 0.40885238421172715
  },
  "11, 19": {
    "count": 64694,
    "wins": 30376,
    "win_percentage": 0.4695334961511114
  },
  "13, 21": {
    "count": 8191,
    "wins": 3601,
    "win_percentage": 0.4396288609449396
  },
  "8, 24": {
    "count": 5715,
    "wins": 2414,
    "win_percentage": 0.42239720034995626
  },
  "15, 31": {
    "count": 6366,
    "wins": 2598,
    "win_percentage": 0.40810556079170596
  },
  "8, 16": {
    "count": 6423,
    "wins": 2859,
    "win_percentage": 0.4451191032227931
  },
  "14, 30": {
    "count": 16763,
    "wins": 8076,
    "win_percentage": 0.4817753385432202
  },
  "1, 16": {
    "count": 427,
    "wins": 149,
    "win_percentage": 0.34894613583138173
  },
  "6, 23": {
    "count": 1395,
    "wins": 523,
    "win_percentage": 0.374910394265233
  }
}