{
  "11, 27": {
    "count": 1474144,
    "wins": 749077,
    "win_percentage": 0.5081437091627412
  },
  "12, 28": {
    "count": 3403606,
    "wins": 1688851,
    "win_percentage": 0.496194624172128
  },
  "6, 21": {
    "count": 235428,
    "wins": 124069,
    "win_percentage": 0.5269933907606572
  },
  "13, 21": {
    "count": 6419,
    "wins": 2574,
    "win_percentage": 0.400997040037389
  },
  "12, 20": {
    "count": 144574,
    "wins": 64490,
    "win_percentage": 0.4460691410627084
  },
  "9, 25": {
    "count": 29516,
    "wins": 14720,
    "win_percentage": 0.4987125626778696
  },
  "10, 26": {
    "count": 196441,
    "wins": 100317,
    "win_percentage": 0.510672415636247
  },
  "9, 17": {
    "count": 80517,
    "wins": 40464,
    "win_percentage": 0.5025522560453072
  },
  "14, 22": {
    "count": 110738,
    "wins": 53958,
    "win_percentage": 0.48725821307952105
  },
  "11, 19": {
    "count": 64884,
    "wins": 29956,
    "win_percentage": 0.46168546945317795
  },
  "1, 18": {
    "count": 39878,
    "wins": 18732,
    "win_percentage": 0.4697326846882993
  },
  "8, 16": {
    "count": 6160,
    "wins": 2842,
    "win_percentage": 0.46136363636363636
  },
  "14, 30": {
    "count": 14960,
    "wins": 7069,
    "win_percentage": 0.47252673796791445
  },
  "13, 29": {
    "count": 61410,
    "wins": 30800,
    "win_percentage": 0.5015469793193291
  },
  "8, 24": {
    "count": 5032,
    "wins": 2286,
    "win_percentage": 0.4542925278219396
  },
  "15, 31": {
    "count": 5645,
    "wins": 2291,
    "win_percentage": 0.4058458813108946
  },
  "10, 18": {
    "count": 21319,
    "wins": 9840,
    "win_percentage": 0.46156011069937614
  },
  "15, 23": {
    "count": 3981,
    "wins": 1475,
    "win_percentage": 0.3705099221301181
  },
  "1, 16": {
    "count": 530,
    "wins": 166,
    "win_percentage": 0.3132075471698113
  },
  "6, 23": {
    "count": 987,
    "wins": 300,
    "win_percentage": 0.303951367781155
  }
}