{
  "12, 28": {
    "count": 4682517,
    "wins": 2321603,
    "win_percentage": 0.4958023644121313
  },
  "10, 26": {
    "count": 266798,
    "wins": 136543,
    "win_percentage": 0.5117841962833305
  },
  "11, 27": {
    "count": 1955737,
    "wins": 988907,
    "win_percentage": 0.5056441638113918
  },
  "8, 24": {
    "count": 7725,
    "wins": 3196,
    "win_percentage": 0.41372168284789645
  },
  "11, 19": {
    "count": 79759,
    "wins": 36857,
    "win_percentage": 0.4621045900776088
  },
  "14, 22": {
    "count": 142357,
    "wins": 69162,
    "win_percentage": 0.48583490801295337
  },
  "12, 20": {
    "count": 195773,
    "wins": 86816,
    "win_percentage": 0.443452365750129
  },
  "6, 21": {
    "count": 284261,
    "wins": 149171,
    "win_percentage": 0.5247677310640573
  },
  "9, 17": {
    "count": 105823,
    "wins": 53959,
    "win_percentage": 0.5098986042731731
  },
  "13, 29": {
    "count": 91383,
    "wins": 45800,
    "win_percentage": 0.5011873105501023
  },
  "15, 23": {
    "count": 7284,
    "wins": 2842,
    "win_percentage": 0.3901702361339923
  },
  "9, 25": {
    "count": 44534,
    "wins": 22551,
    "win_percentage": 0.506377150042664
  },
  "1, 18": {
    "count": 52725,
    "wins": 24528,
    "win_percentage": 0.4652062588904694
  },
  "10, 18": {
    "count": 24873,
    "wins": 11542,
    "win_percentage": 0.4640373095324247
  },
  "8, 16": {
    "count": 8354,
    "wins": 3797,
    "win_percentage": 0.45451280823557577
  },
  "14, 30": {
    "count": 21728,
    "wins": 9893,
    "win_percentage": 0.45531111929307805
  },
  "13, 21": {
    "count": 8997,
    "wins": 3732,
    "win_percentage": 0.4148049349783261
  },
  "15, 31": {
    "count": 7959,
    "wins": 2981,
    "win_percentage": 0.3745445407714537
  },
  "6, 23": {
    "count": 3133,
    "wins": 1363,
    "win_percentage": 0.4350462815193106
  },
  "1, 16": {
    "count": 787,
    "wins": 292,
    "win_percentage": 0.3710292249047014
  }
}