{
  "12, 28": {
    "count": 7161626,
    "wins": 3537668,
    "win_percentage": 0.49397553013798823
  },
  "9, 17": {
    "count": 194406,
    "wins": 98873,
    "win_percentage": 0.5085902698476384
  },
  "11, 27": {
    "count": 3086079,
    "wins": 1557678,
    "win_percentage": 0.5047433976900786
  },
  "11, 19": {
    "count": 122168,
    "wins": 58081,
    "win_percentage": 0.4754190950166983
  },
  "12, 20": {
    "count": 295204,
    "wins": 136622,
    "win_percentage": 0.4628053820408938
  },
  "9, 25": {
    "count": 63052,
    "wins": 31908,
    "win_percentage": 0.5060584914039206
  },
  "10, 26": {
    "count": 417081,
    "wins": 213089,
    "win_percentage": 0.5109055555155952
  },
  "13, 29": {
    "count": 120256,
    "wins": 60250,
    "win_percentage": 0.5010145023948909
  },
  "6, 21": {
    "count": 485124,
    "wins": 253102,
    "win_percentage": 0.5217264039709435
  },
  "14, 22": {
    "count": 233808,
    "wins": 116423,
    "win_percentage": 0.4979427564497365
  },
  "14, 30": {
    "count": 35817,
    "wins": 17413,
    "win_percentage": 0.4861657871960242
  },
  "6, 23": {
    "count": 6502,
    "wins": 3184,
    "win_percentage": 0.48969547831436483
  },
  "10, 18": {
    "count": 47103,
    "wins": 22876,
    "win_percentage": 0.4856590875315797
  },
  "13, 21": {
    "count": 16443,
    "wins": 7169,
    "win_percentage": 0.43599099920939
  },
  "1, 18": {
    "count": 82344,
    "wins": 41520,
    "win_percentage": 0.5042261731273681
  },
  "8, 16": {
    "count": 16488,
    "wins": 8176,
    "win_percentage": 0.49587578845220764
  },
  "15, 23": {
    "count": 10037,
    "wins": 4278,
    "win_percentage": 0.42622297499252765
  },
  "8, 24": {
    "count": 11409,
    "wins": 5168,
    "win_percentage": 0.45297572092207905
  },
  "15, 31": {
    "count": 15871,
    "wins": 6849,
    "win_percentage": 0.43154180580933776
  },
  "1, 16": {
    "count": 1077,
    "wins": 421,
    "win_percentage": 0.39090064995357476
  }
}