{
  "12, 28": {
    "count": 8299986,
    "wins": 4112186,
    "win_percentage": 0.49544493207578905
  },
  "11, 27": {
    "count": 3488921,
    "wins": 1762124,
    "win_percentage": 0.5050627400276475
  },
  "14, 30": {
    "count": 42076,
    "wins": 19991,
    "win_percentage": 0.4751164559368761
  },
  "9, 17": {
    "count": 222131,
    "wins": 111581,
    "win_percentage": 0.5023207026484372
  },
  "6, 21": {
    "count": 520523,
    "wins": 271164,
    "win_percentage": 0.5209452800356564
  },
  "11, 19": {
    "count": 146230,
    "wins": 68805,
    "win_percentage": 0.4705258838815565
  },
  "12, 20": {
    "count": 363536,
    "wins": 169406,
    "win_percentage": 0.46599511465164384
  },
  "9, 25": {
    "count": 72319,
    "wins": 36406,
    "win_percentage": 0.5034085095203197
  },
  "14, 22": {
    "count": 264842,
    "wins": 131694,
    "win_percentage": 0.4972549671124671
  },
  "10, 26": {
    "count": 471819,
    "wins": 241540,
    "win_percentage": 0.5119336016565674
  },
  "13, 29": {
    "count": 148684,
    "wins": 74429,
    "win_percentage": 0.5005851335718705
  },
  "1, 18": {
    "count": 96275,
    "wins": 47436,
    "win_percentage": 0.49271358088808104
  },
  "10, 18": {
    "count": 49357,
    "wins": 23572,
    "win_percentage": 0.4775817006706242
  },
  "8, 16": {
    "count": 15971,
    "wins": 7355,
    "win_percentage": 0.460522196481122
  },
  "15, 31": {
    "count": 18947,
    "wins": 8227,
    "win_percentage": 0.43421122077373725
  },
  "8, 24": {
    "count": 10892,
    "wins": 4561,
    "win_percentage": 0.41874770473742196
  },
  "13, 21": {
    "count": 18709,
    "wins": 8487,
    "win_percentage": 0.4536319418461703
  },
  "15, 23": {
    "count": 11296,
    "wins": 4879,
    "win_percentage": 0.4319228045325779
  },
  "6, 23": {
    "count": 6321,
    "wins": 2850,
    "win_percentage": 0.4508780256288562
  },
  "1, 16": {
    "count": 1749,
    "wins": 742,
    "win_percentage": 0.42424242424242425
  }
}