{
  "12, 28": {
    "count": 6712360,
    "wins": 3317130,
    "win_percentage": 0.4941823740085454
  },
  "12, 20": {
    "count": 280897,
    "wins": 130071,
    "win_percentage": 0.46305585321309944
  },
  "11, 27": {
    "count": 2796225,
    "wins": 1413113,
    "win_percentage": 0.5053645539969065
  },
  "14, 22": {
    "count": 212629,
    "wins": 105897,
    "win_percentage": 0.49803648608609363
  },
  "6, 21": {
    "count": 424344,
    "wins": 220827,
    "win_percentage": 0.5203961879984164
  },
  "10, 26": {
    "count": 369362,
    "wins": 188527,
    "win_percentage": 0.5104125492064695
  },
  "13, 29": {
    "count": 114289,
    "wins": 57367,
    "win_percentage": 0.5019468190289529
  },
  "9, 17": {
    "count": 181636,
    "wins": 93089,
    "win_percentage": 0.5125030280340902
  },
  "10, 18": {
    "count": 41398,
    "wins": 19631,
    "win_percentage": 0.47420165225373206
  },
  "11, 19": {
    "count": 121206,
    "wins": 56923,
    "win_percentage": 0.4696384667425705
  },
  "1, 18": {
    "count": 70066,
    "wins": 34396,
    "win_percentage": 0.490908571917906
  },
  "8, 16": {
    "count": 12717,
    "wins": 6209,
    "win_percentage": 0.4882440827239129
  },
  "13, 21": {
    "count": 15386,
    "wins": 6909,
    "win_percentage": 0.44904458598726116
  },
  "9, 25": {
    "count": 57524,
    "wins": 29105,
    "win_percentage": 0.5059627286002364
  },
  "6, 23": {
    "count": 4980,
    "wins": 2248,
    "win_percentage": 0.45140562248995986
  },
  "14, 30": {
    "count": 30231,
    "wins": 14269,
    "win_percentage": 0.47199894148390725
  },
  "15, 31": {
    "count": 12989,
    "wins": 5701,
    "win_percentage": 0.4389098467934406
  },
  "15, 23": {
    "count": 8812,
    "wins": 3696,
    "win_percentage": 0.41942805265546984
  },
  "8, 24": {
    "count": 9738,
    "wins": 4619,
    "win_percentage": 0.4743273772848634
  },
  "1, 16": {
    "count": 994,
    "wins": 388,
    "win_percentage": 0.3903420523138833
  }
}