{
  "14, 22": {
    "count": 216946,
    "wins": 107653,
    "win_percentage": 0.4962202575756179
  },
  "12, 28": {
    "count": 6987932,
    "wins": 3450845,
    "win_percentage": 0.4938292187159234
  },
  "11, 27": {
    "count": 2972353,
    "wins": 1504699,
    "win_percentage": 0.5062315949686998
  },
  "10, 26": {
    "count": 402022,
    "wins": 205429,
    "win_percentage": 0.5109894483386481
  },
  "13, 29": {
    "count": 114382,
    "wins": 58074,
    "win_percentage": 0.507719746113899
  },
  "11, 19": {
    "count": 119916,
    "wins": 56777,
    "win_percentage": 0.4734730978351513
  },
  "6, 21": {
    "count": 465536,
    "wins": 242480,
    "win_percentage": 0.520861974154523
  },
  "12, 20": {
    "count": 295033,
    "wins": 136398,
    "win_percentage": 0.46231438517047246
  },
  "9, 25": {
    "count": 59332,
    "wins": 30081,
    "win_percentage": 0.5069945392031282
  },
  "9, 17": {
    "count": 182006,
    "wins": 93045,
    "win_percentage": 0.5112194103491093
  },
  "15, 31": {
    "count": 13623,
    "wins": 5801,
    "win_percentage": 0.42582397416134476
  },
  "1, 18": {
    "count": 82726,
    "wins": 40932,
    "win_percentage": 0.4947900297367212
  },
  "8, 16": {
    "count": 13777,
    "wins": 6693,
    "win_percentage": 0.48580968280467446
  },
  "14, 30": {
    "count": 32856,
    "wins": 15633,
    "win_percentage": 0.4758035062089116
  },
  "10, 18": {
    "count": 39719,
    "wins": 19160,
    "win_percentage": 0.4823887811878446
  },
  "8, 24": {
    "count": 10701,
    "wins": 4638,
    "win_percentage": 0.4334174376226521
  },
  "15, 23": {
    "count": 10138,
    "wins": 4358,
    "win_percentage": 0.42986782402840795
  },
  "13, 21": {
    "count": 16596,
    "wins": 7622,
    "win_percentage": 0.4592672933236925
  },
  "6, 23": {
    "count": 7339,
    "wins": 3519,
    "win_percentage": 0.4794931189535359
  },
  "1, 16": {
    "count": 985,
    "wins": 422,
    "win_percentage": 0.42842639593908627
  }
}