{
  "12, 28": {
    "count": 7218985,
    "wins": 3570638,
    "win_percentage": 0.4946177336564628
  },
  "11, 27": {
    "count": 3114708,
    "wins": 1572116,
    "win_percentage": 0.5047394490912149
  },
  "14, 22": {
    "count": 235176,
    "wins": 117299,
    "win_percentage": 0.49877113310882065
  },
  "6, 21": {
    "count": 475636,
    "wins": 247673,
    "win_percentage": 0.5207196259324357
  },
  "12, 20": {
    "count": 306593,
    "wins": 141844,
    "win_percentage": 0.46264591820426426
  },
  "10, 26": {
    "count": 420615,
    "wins": 215357,
    "win_percentage": 0.5120050402386981
  },
  "1, 18": {
    "count": 83235,
    "wins": 41856,
    "win_percentage": 0.5028653811497568
  },
  "10, 18": {
    "count": 44653,
    "wins": 21644,
    "win_percentage": 0.4847154726446151
  },
  "13, 29": {
    "count": 129665,
    "wins": 65175,
    "win_percentage": 0.5026414221262484
  },
  "9, 17": {
    "count": 199673,
    "wins": 101634,
    "win_percentage": 0.5090022186274559
  },
  "9, 25": {
    "count": 66586,
    "wins": 33649,
    "win_percentage": 0.5053464692277656
  },
  "11, 19": {
    "count": 127024,
    "wins": 59638,
    "win_percentage": 0.46950182642650207
  },
  "13, 21": {
    "count": 15720,
    "wins": 6753,
    "win_percentage": 0.4295801526717557
  },
  "6, 23": {
    "count": 5538,
    "wins": 2476,
    "win_percentage": 0.4470928132899964
  },
  "14, 30": {
    "count": 35354,
    "wins": 17118,
    "win_percentage": 0.4841884935226566
  },
  "8, 24": {
    "count": 10531,
    "wins": 4700,
    "win_percentage": 0.44630139587883394
  },
  "15, 31": {
    "count": 15725,
    "wins": 6958,
    "win_percentage": 0.44248012718600954
  },
  "15, 23": {
    "count": 8892,
    "wins": 3758,
    "win_percentage": 0.42262708052181736
  },
  "1, 16": {
    "count": 1139,
    "wins": 488,
    "win_percentage": 0.42844600526777876
  },
  "8, 16": {
    "count": 14253,
    "wins": 6913,
    "win_percentage": 0.48502069739703924
  }
}