{
  "11, 27": {
    "count": 4026983,
    "wins": 2036890,
    "win_percentage": 0.5058104292965726
  },
  "10, 26": {
    "count": 534051,
    "wins": 271883,
    "win_percentage": 0.5090955732692196
  },
  "12, 28": {
    "count": 9342052,
    "wins": 4627946,
    "win_percentage": 0.4953885934267975
  },
  "14, 30": {
    "count": 49878,
    "wins": 23855,
    "win_percentage": 0.478266971410241
  },
  "14, 22": {
    "count": 312224,
    "wins": 155550,
    "win_percentage": 0.49820001024905197
  },
  "6, 21": {
    "count": 605704,
    "wins": 315514,
    "win_percentage": 0.520904600266797
  },
  "12, 20": {
    "count": 408350,
    "wins": 189722,
    "win_percentage": 0.4646063425982613
  },
  "6, 23": {
    "count": 7891,
    "wins": 3743,
    "win_percentage": 0.47433785325053857
  },
  "1, 18": {
    "count": 108900,
    "wins": 53421,
    "win_percentage": 0.4905509641873278
  },
  "9, 25": {
    "count": 79706,
    "wins": 40003,
    "win_percentage": 0.5018819160414524
  },
  "13, 21": {
    "count": 20556,
    "wins": 9026,
    "win_percentage": 0.4390932087954855
  },
  "13, 29": {
    "count": 162547,
    "wins": 80980,
    "win_percentage": 0.4981943683980633
  },
  "10, 18": {
    "count": 56393,
    "wins": 27132,
    "win_percentage": 0.48112354370223254
  },
  "9, 17": {
    "count": 244333,
    "wins": 123235,
    "win_percentage": 0.5043731301134108
  },
  "11, 19": {
    "count": 165092,
    "wins": 78353,
    "win_percentage": 0.47460204007462503
  },
  "15, 31": {
    "count": 21024,
    "wins": 9181,
    "win_percentage": 0.436691400304414
  },
  "8, 24": {
    "count": 13319,
    "wins": 5824,
    "win_percentage": 0.4372700653202192
  },
  "8, 16": {
    "count": 17291,
    "wins": 8051,
    "win_percentage": 0.4656179515354809
  },
  "1, 16": {
    "count": 2221,
    "wins": 890,
    "win_percentage": 0.4007203962179199
  },
  "15, 23": {
    "count": 12630,
    "wins": 5551,
    "win_percentage": 0.4395091053048298
  }
}