{
  "12, 28": {
    "count": 6380949,
    "wins": 3160810,
    "win_percentage": 0.4953510833576636
  },
  "11, 27": {
    "count": 2511179,
    "wins": 1269822,
    "win_percentage": 0.5056676565071626
  },
  "6, 21": {
    "count": 374318,
    "wins": 195400,
    "win_percentage": 0.522016039837785
  },
  "9, 25": {
    "count": 57890,
    "wins": 29143,
    "win_percentage": 0.503420279841078
  },
  "12, 20": {
    "count": 258672,
    "wins": 116646,
    "win_percentage": 0.450941733160141
  },
  "10, 26": {
    "count": 333492,
    "wins": 170366,
    "win_percentage": 0.5108548330994447
  },
  "10, 18": {
    "count": 37229,
    "wins": 17369,
    "win_percentage": 0.4665448977947299
  },
  "14, 22": {
    "count": 192621,
    "wins": 93986,
    "win_percentage": 0.48793226076076857
  },
  "9, 17": {
    "count": 139967,
    "wins": 70457,
    "win_percentage": 0.5033829402644909
  },
  "11, 19": {
    "count": 100057,
    "wins": 46040,
    "win_percentage": 0.4601377214987457
  },
  "15, 31": {
    "count": 11065,
    "wins": 4406,
    "win_percentage": 0.3981924988703118
  },
  "14, 30": {
    "count": 32002,
    "wins": 14905,
    "win_percentage": 0.4657521404912193
  },
  "13, 29": {
    "count": 107408,
    "wins": 53936,
    "win_percentage": 0.5021599880828244
  },
  "1, 18": {
    "count": 62650,
    "wins": 30154,
    "win_percentage": 0.48130885873902635
  },
  "15, 23": {
    "count": 9022,
    "wins": 3688,
    "win_percentage": 0.4087785413433828
  },
  "6, 23": {
    "count": 5006,
    "wins": 2212,
    "win_percentage": 0.44186975629244907
  },
  "13, 21": {
    "count": 10812,
    "wins": 4611,
    "win_percentage": 0.4264705882352941
  },
  "8, 24": {
    "count": 10269,
    "wins": 4356,
    "win_percentage": 0.42418930762489043
  },
  "8, 16": {
    "count": 9719,
    "wins": 4420,
    "win_percentage": 0.4547792982817162
  },
  "1, 16": {
    "count": 1417,
    "wins": 514,
    "win_percentage": 0.36273817925194074
  }
}