{
  "12, 28": {
    "count": 6632510,
    "wins": 3280793,
    "win_percentage": 0.4946533062143894
  },
  "14, 22": {
    "count": 211329,
    "wins": 105702,
    "win_percentage": 0.5001774484334852
  },
  "12, 20": {
    "count": 283457,
    "wins": 130640,
    "win_percentage": 0.46088119185626036
  },
  "10, 26": {
    "count": 354292,
    "wins": 181361,
    "win_percentage": 0.5118969663441455
  },
  "11, 27": {
    "count": 2731549,
    "wins": 1382194,
    "win_percentage": 0.506011058194453
  },
  "9, 17": {
    "count": 171999,
    "wins": 87748,
    "win_percentage": 0.5101657567776556
  },
  "13, 29": {
    "count": 111125,
    "wins": 55809,
    "win_percentage": 0.5022182227221598
  },
  "6, 21": {
    "count": 425529,
    "wins": 223231,
    "win_percentage": 0.5245964434856378
  },
  "15, 31": {
    "count": 14444,
    "wins": 6029,
    "win_percentage": 0.41740515092772085
  },
  "14, 30": {
    "count": 30334,
    "wins": 14265,
    "win_percentage": 0.4702643897936309
  },
  "6, 23": {
    "count": 9193,
    "wins": 4920,
    "win_percentage": 0.5351898183400413
  },
  "11, 19": {
    "count": 120303,
    "wins": 56632,
    "win_percentage": 0.47074470295836346
  },
  "9, 25": {
    "count": 57851,
    "wins": 29162,
    "win_percentage": 0.5040880883649375
  },
  "8, 24": {
    "count": 12529,
    "wins": 5644,
    "win_percentage": 0.45047489823609227
  },
  "8, 16": {
    "count": 13691,
    "wins": 6235,
    "win_percentage": 0.4554086626250822
  },
  "10, 18": {
    "count": 38705,
    "wins": 18400,
    "win_percentage": 0.4753907763854799
  },
  "1, 18": {
    "count": 69045,
    "wins": 33614,
    "win_percentage": 0.48684191469331595
  },
  "1, 16": {
    "count": 1332,
    "wins": 562,
    "win_percentage": 0.4219219219219219
  },
  "13, 21": {
    "count": 14525,
    "wins": 6357,
    "win_percentage": 0.4376592082616179
  },
  "15, 23": {
    "count": 10315,
    "wins": 4548,
    "win_percentage": 0.4409112942317014
  }
}