{
  "12, 28": {
    "count": 6079950,
    "wins": 3011608,
    "win_percentage": 0.4953343366310578
  },
  "12, 20": {
    "count": 242647,
    "wins": 110731,
    "win_percentage": 0.4563460500232849
  },
  "11, 27": {
    "count": 2408980,
    "wins": 1218652,
    "win_percentage": 0.5058788366860663
  },
  "14, 30": {
    "count": 30921,
    "wins": 14258,
    "win_percentage": 0.46111057210310147
  },
  "9, 17": {
    "count": 131291,
    "wins": 65273,
    "win_percentage": 0.49716279105193806
  },
  "10, 26": {
    "count": 323302,
    "wins": 165932,
    "win_percentage": 0.5132414893814452
  },
  "10, 18": {
    "count": 33931,
    "wins": 15873,
    "win_percentage": 0.4678023046771389
  },
  "13, 29": {
    "count": 99537,
    "wins": 50687,
    "win_percentage": 0.5092277243638044
  },
  "14, 22": {
    "count": 180727,
    "wins": 88423,
    "win_percentage": 0.48926281075876876
  },
  "6, 21": {
    "count": 360354,
    "wins": 187347,
    "win_percentage": 0.5198971011838359
  },
  "11, 19": {
    "count": 100262,
    "wins": 46556,
    "win_percentage": 0.4643434202389739
  },
  "15, 23": {
    "count": 8872,
    "wins": 3649,
    "win_percentage": 0.4112939585211903
  },
  "9, 25": {
    "count": 52801,
    "wins": 26204,
    "win_percentage": 0.4962784795742505
  },
  "1, 18": {
    "count": 59595,
    "wins": 29057,
    "win_percentage": 0.48757446094471013
  },
  "6, 23": {
    "count": 5670,
    "wins": 2550,
    "win_percentage": 0.4497354497354497
  },
  "8, 16": {
    "count": 9355,
    "wins": 4346,
    "win_percentage": 0.46456440406199895
  },
  "13, 21": {
    "count": 11212,
    "wins": 4925,
    "win_percentage": 0.4392615055297895
  },
  "15, 31": {
    "count": 12768,
    "wins": 5309,
    "win_percentage": 0.41580513784461154
  },
  "8, 24": {
    "count": 10287,
    "wins": 4420,
    "win_percentage": 0.42966851365801495
  },
  "1, 16": {
    "count": 1544,
    "wins": 591,
    "win_percentage": 0.38277202072538863
  }
}