{
  "12, 28": {
    "count": 6863772,
    "wins": 3396199,
    "win_percentage": 0.49480067228340335
  },
  "11, 19": {
    "count": 121032,
    "wins": 56711,
    "win_percentage": 0.4685620331813074
  },
  "11, 27": {
    "count": 2803522,
    "wins": 1418757,
    "win_percentage": 0.5060623743990594
  },
  "12, 20": {
    "count": 298360,
    "wins": 137958,
    "win_percentage": 0.46238771953344954
  },
  "10, 26": {
    "count": 367486,
    "wins": 188111,
    "win_percentage": 0.5118861670920797
  },
  "6, 21": {
    "count": 431067,
    "wins": 223301,
    "win_percentage": 0.518019240628487
  },
  "1, 18": {
    "count": 70015,
    "wins": 34170,
    "win_percentage": 0.4880382775119617
  },
  "13, 29": {
    "count": 116990,
    "wins": 58827,
    "win_percentage": 0.5028378493888367
  },
  "14, 22": {
    "count": 211227,
    "wins": 106006,
    "win_percentage": 0.5018581904775431
  },
  "10, 18": {
    "count": 40325,
    "wins": 19576,
    "win_percentage": 0.4854556726596404
  },
  "9, 17": {
    "count": 176506,
    "wins": 89374,
    "win_percentage": 0.5063510588875165
  },
  "9, 25": {
    "count": 56919,
    "wins": 28777,
    "win_percentage": 0.505578102215429
  },
  "13, 21": {
    "count": 15164,
    "wins": 6601,
    "win_percentage": 0.4353073067792139
  },
  "15, 23": {
    "count": 8963,
    "wins": 3758,
    "win_percentage": 0.41927925917661496
  },
  "8, 24": {
    "count": 11187,
    "wins": 4942,
    "win_percentage": 0.44176276034683115
  },
  "14, 30": {
    "count": 30857,
    "wins": 14444,
    "win_percentage": 0.46809475969796155
  },
  "8, 16": {
    "count": 13700,
    "wins": 6481,
    "win_percentage": 0.4730656934306569
  },
  "15, 31": {
    "count": 14883,
    "wins": 6401,
    "win_percentage": 0.43008801988846335
  },
  "1, 16": {
    "count": 1166,
    "wins": 470,
    "win_percentage": 0.40308747855917665
  },
  "6, 23": {
    "count": 5685,
    "wins": 2547,
    "win_percentage": 0.44802110817941954
  }
}