{
  "12, 28": {
    "count": 7901621,
    "wins": 3912672,
    "win_percentage": 0.49517333215551596
  },
  "11, 27": {
    "count": 3399150,
    "wins": 1716363,
    "win_percentage": 0.5049388817792684
  },
  "6, 21": {
    "count": 506555,
    "wins": 263724,
    "win_percentage": 0.5206226372259676
  },
  "10, 26": {
    "count": 452002,
    "wins": 230584,
    "win_percentage": 0.5101393356666564
  },
  "15, 31": {
    "count": 17482,
    "wins": 7664,
    "win_percentage": 0.4383937764557831
  },
  "14, 22": {
    "count": 245943,
    "wins": 120774,
    "win_percentage": 0.49106500286651783
  },
  "12, 20": {
    "count": 336947,
    "wins": 156717,
    "win_percentage": 0.46510875597645923
  },
  "11, 19": {
    "count": 141314,
    "wins": 67053,
    "win_percentage": 0.4744965113152271
  },
  "13, 29": {
    "count": 148824,
    "wins": 75622,
    "win_percentage": 0.5081304090738052
  },
  "9, 17": {
    "count": 211164,
    "wins": 106912,
    "win_percentage": 0.5062984220795211
  },
  "15, 23": {
    "count": 9282,
    "wins": 3895,
    "win_percentage": 0.4196293902176255
  },
  "8, 16": {
    "count": 14904,
    "wins": 6988,
    "win_percentage": 0.46886741814278043
  },
  "14, 30": {
    "count": 36800,
    "wins": 17446,
    "win_percentage": 0.47407608695652176
  },
  "1, 18": {
    "count": 93681,
    "wins": 46861,
    "win_percentage": 0.5002188277238714
  },
  "9, 25": {
    "count": 72995,
    "wins": 37072,
    "win_percentage": 0.5078704020823344
  },
  "10, 18": {
    "count": 45484,
    "wins": 21910,
    "win_percentage": 0.4817078533110544
  },
  "13, 21": {
    "count": 18681,
    "wins": 8521,
    "win_percentage": 0.45613189872062526
  },
  "8, 24": {
    "count": 9839,
    "wins": 4357,
    "win_percentage": 0.44282955584917166
  },
  "1, 16": {
    "count": 1506,
    "wins": 638,
    "win_percentage": 0.42363877822045154
  },
  "6, 23": {
    "count": 4895,
    "wins": 2110,
    "win_percentage": 0.4310520939734423
  }
}