{
  "12, 28": {
    "count": 6726230,
    "wins": 3331485,
    "win_percentage": 0.4952975143579687
  },
  "11, 27": {
    "count": 2718296,
    "wins": 1373422,
    "win_percentage": 0.5052510837671835
  },
  "13, 29": {
    "count": 111752,
    "wins": 56442,
    "win_percentage": 0.5050647863125493
  },
  "6, 21": {
    "count": 400993,
    "wins": 209634,
    "win_percentage": 0.5227871808236054
  },
  "9, 17": {
    "count": 151919,
    "wins": 75706,
    "win_percentage": 0.49833134762603754
  },
  "1, 18": {
    "count": 64607,
    "wins": 31309,
    "win_percentage": 0.48460693113749287
  },
  "10, 26": {
    "count": 360459,
    "wins": 183837,
    "win_percentage": 0.5100080730402071
  },
  "12, 20": {
    "count": 277371,
    "wins": 126240,
    "win_percentage": 0.455130493094087
  },
  "8, 24": {
    "count": 10151,
    "wins": 4425,
    "win_percentage": 0.4359176435819131
  },
  "14, 22": {
    "count": 196271,
    "wins": 96232,
    "win_percentage": 0.4903016747252523
  },
  "15, 23": {
    "count": 10749,
    "wins": 4603,
    "win_percentage": 0.42822588147734675
  },
  "14, 30": {
    "count": 34574,
    "wins": 15957,
    "win_percentage": 0.46153178689188407
  },
  "10, 18": {
    "count": 36610,
    "wins": 17122,
    "win_percentage": 0.4676864244741874
  },
  "15, 31": {
    "count": 12974,
    "wins": 5280,
    "win_percentage": 0.4069677817172807
  },
  "11, 19": {
    "count": 110277,
    "wins": 51562,
    "win_percentage": 0.46756803322542323
  },
  "9, 25": {
    "count": 59965,
    "wins": 30549,
    "win_percentage": 0.5094471775202202
  },
  "13, 21": {
    "count": 12145,
    "wins": 5167,
    "win_percentage": 0.4254425689584191
  },
  "6, 23": {
    "count": 4028,
    "wins": 1675,
    "win_percentage": 0.41583912611717977
  },
  "8, 16": {
    "count": 13183,
    "wins": 5982,
    "win_percentage": 0.4537662140635667
  },
  "1, 16": {
    "count": 1325,
    "wins": 527,
    "win_percentage": 0.39773584905660375
  }
}