{
  "11, 27": {
    "count": 6241651,
    "wins": 3157559,
    "win_percentage": 0.5058852217145752
  },
  "13, 29": {
    "count": 233360,
    "wins": 116141,
    "win_percentage": 0.497690263969832
  },
  "12, 28": {
    "count": 14272657,
    "wins": 7070366,
    "win_percentage": 0.4953784008121263
  },
  "10, 26": {
    "count": 827526,
    "wins": 419898,
    "win_percentage": 0.5074136643440811
  },
  "9, 17": {
    "count": 382937,
    "wins": 194381,
    "win_percentage": 0.5076056897087511
  },
  "6, 21": {
    "count": 914047,
    "wins": 470210,
    "win_percentage": 0.514426501044257
  },
  "14, 22": {
    "count": 468150,
    "wins": 233544,
    "win_percentage": 0.4988657481576418
  },
  "12, 20": {
    "count": 571293,
    "wins": 269044,
    "win_percentage": 0.4709387302137432
  },
  "11, 19": {
    "count": 243884,
    "wins": 116408,
    "win_percentage": 0.4773088845516721
  },
  "8, 16": {
    "count": 26916,
    "wins": 12461,
    "win_percentage": 0.4629588348937435
  },
  "15, 31": {
    "count": 31728,
    "wins": 13854,
    "win_percentage": 0.43664901664145234
  },
  "14, 30": {
    "count": 70670,
    "wins": 33805,
    "win_percentage": 0.4783500778265176
  },
  "1, 18": {
    "count": 166338,
    "wins": 82336,
    "win_percentage": 0.4949921244694538
  },
  "9, 25": {
    "count": 122052,
    "wins": 61425,
    "win_percentage": 0.5032690984170681
  },
  "15, 23": {
    "count": 18538,
    "wins": 8013,
    "win_percentage": 0.4322472758657892
  },
  "1, 16": {
    "count": 2638,
    "wins": 1076,
    "win_percentage": 0.40788476118271416
  },
  "10, 18": {
    "count": 81238,
    "wins": 38878,
    "win_percentage": 0.47856914251951055
  },
  "13, 21": {
    "count": 29546,
    "wins": 12976,
    "win_percentage": 0.4391795843769038
  },
  "8, 24": {
    "count": 20323,
    "wins": 8843,
    "win_percentage": 0.43512276730797617
  },
  "6, 23": {
    "count": 10322,
    "wins": 4646,
    "win_percentage": 0.45010656849447783
  }
}