{
  "12, 28": {
    "count": 12207763,
    "wins": 6045284,
    "win_percentage": 0.4951999805369747
  },
  "11, 27": {
    "count": 5400182,
    "wins": 2725955,
    "win_percentage": 0.5047894682068123
  },
  "11, 19": {
    "count": 212237,
    "wins": 101557,
    "win_percentage": 0.4785075175393546
  },
  "9, 17": {
    "count": 357503,
    "wins": 180191,
    "win_percentage": 0.5040265396374296
  },
  "13, 29": {
    "count": 210227,
    "wins": 105091,
    "win_percentage": 0.4998929728341269
  },
  "12, 20": {
    "count": 529554,
    "wins": 249113,
    "win_percentage": 0.4704203914992616
  },
  "6, 21": {
    "count": 815259,
    "wins": 421910,
    "win_percentage": 0.5175165192901887
  },
  "14, 22": {
    "count": 430038,
    "wins": 216004,
    "win_percentage": 0.5022904952585585
  },
  "10, 26": {
    "count": 732306,
    "wins": 371713,
    "win_percentage": 0.507592454520378
  },
  "9, 25": {
    "count": 100900,
    "wins": 51210,
    "win_percentage": 0.5075322101090188
  },
  "15, 23": {
    "count": 15706,
    "wins": 6968,
    "win_percentage": 0.4436521074748504
  },
  "1, 18": {
    "count": 146445,
    "wins": 72631,
    "win_percentage": 0.49596094096759874
  },
  "14, 30": {
    "count": 56988,
    "wins": 27312,
    "win_percentage": 0.47925879132448934
  },
  "10, 18": {
    "count": 77231,
    "wins": 37433,
    "win_percentage": 0.4846887907705455
  },
  "8, 24": {
    "count": 18914,
    "wins": 8655,
    "win_percentage": 0.457597546790737
  },
  "8, 16": {
    "count": 21685,
    "wins": 10281,
    "win_percentage": 0.47410652524786717
  },
  "15, 31": {
    "count": 27900,
    "wins": 12135,
    "win_percentage": 0.4349462365591398
  },
  "13, 21": {
    "count": 26732,
    "wins": 11707,
    "win_percentage": 0.43793954810713753
  },
  "6, 23": {
    "count": 8765,
    "wins": 3853,
    "win_percentage": 0.43958927552766686
  },
  "1, 16": {
    "count": 3022,
    "wins": 1228,
    "win_percentage": 0.4063534083388484
  }
}