{
  "12, 28": {
    "count": 13186939,
    "wins": 6528745,
    "win_percentage": 0.49509177224524964
  },
  "11, 27": {
    "count": 5787721,
    "wins": 2924739,
    "win_percentage": 0.5053351742421586
  },
  "10, 26": {
    "count": 770530,
    "wins": 391845,
    "win_percentage": 0.5085395766550297
  },
  "12, 20": {
    "count": 530877,
    "wins": 249408,
    "win_percentage": 0.46980373984934365
  },
  "6, 21": {
    "count": 868242,
    "wins": 448604,
    "win_percentage": 0.5166808332239168
  },
  "9, 17": {
    "count": 357197,
    "wins": 182888,
    "win_percentage": 0.5120087794690324
  },
  "13, 29": {
    "count": 219725,
    "wins": 109914,
    "win_percentage": 0.5002343838889521
  },
  "14, 22": {
    "count": 439895,
    "wins": 220836,
    "win_percentage": 0.5020198001795884
  },
  "10, 18": {
    "count": 78883,
    "wins": 37915,
    "win_percentage": 0.4806485554555481
  },
  "9, 25": {
    "count": 112845,
    "wins": 56907,
    "win_percentage": 0.5042934999335371
  },
  "14, 30": {
    "count": 62672,
    "wins": 30102,
    "win_percentage": 0.4803101863671177
  },
  "1, 18": {
    "count": 156259,
    "wins": 77462,
    "win_percentage": 0.49572824605302734
  },
  "11, 19": {
    "count": 231401,
    "wins": 110220,
    "win_percentage": 0.4763160055488092
  },
  "8, 16": {
    "count": 25822,
    "wins": 11998,
    "win_percentage": 0.4646425528619007
  },
  "15, 31": {
    "count": 25669,
    "wins": 11250,
    "win_percentage": 0.43827184541665043
  },
  "13, 21": {
    "count": 28129,
    "wins": 12530,
    "win_percentage": 0.4454477585410075
  },
  "15, 23": {
    "count": 15942,
    "wins": 7086,
    "win_percentage": 0.4444862627022958
  },
  "8, 24": {
    "count": 17432,
    "wins": 7756,
    "win_percentage": 0.4449288664525011
  },
  "1, 16": {
    "count": 2001,
    "wins": 825,
    "win_percentage": 0.4122938530734633
  },
  "6, 23": {
    "count": 9689,
    "wins": 4162,
    "win_percentage": 0.42955929404479304
  }
}