{
  "12, 28": {
    "count": 18239523,
    "wins": 9037397,
    "win_percentage": 0.49548428432037395
  },
  "11, 27": {
    "count": 7660437,
    "wins": 3871336,
    "win_percentage": 0.5053675136287916
  },
  "9, 25": {
    "count": 146677,
    "wins": 73629,
    "win_percentage": 0.5019805422799757
  },
  "6, 21": {
    "count": 1112492,
    "wins": 570700,
    "win_percentage": 0.5129924529794372
  },
  "12, 20": {
    "count": 698519,
    "wins": 330003,
    "win_percentage": 0.47243238909750485
  },
  "11, 19": {
    "count": 288967,
    "wins": 137103,
    "win_percentage": 0.4744590212723252
  },
  "10, 26": {
    "count": 1102949,
    "wins": 558552,
    "win_percentage": 0.5064168878162091
  },
  "6, 23": {
    "count": 14349,
    "wins": 6321,
    "win_percentage": 0.44051850303157014
  },
  "14, 22": {
    "count": 560717,
    "wins": 281238,
    "win_percentage": 0.5015685274389755
  },
  "10, 18": {
    "count": 102150,
    "wins": 48667,
    "win_percentage": 0.47642682329907
  },
  "9, 17": {
    "count": 455893,
    "wins": 230612,
    "win_percentage": 0.5058467666755138
  },
  "13, 21": {
    "count": 41574,
    "wins": 18182,
    "win_percentage": 0.43734064559580504
  },
  "1, 18": {
    "count": 200877,
    "wins": 98620,
    "win_percentage": 0.49094719654315827
  },
  "13, 29": {
    "count": 292721,
    "wins": 144898,
    "win_percentage": 0.49500377492561176
  },
  "14, 30": {
    "count": 81619,
    "wins": 39182,
    "win_percentage": 0.4800597899998775
  },
  "8, 24": {
    "count": 27074,
    "wins": 12138,
    "win_percentage": 0.44832680800768265
  },
  "15, 23": {
    "count": 25674,
    "wins": 11410,
    "win_percentage": 0.444418477837501
  },
  "8, 16": {
    "count": 30545,
    "wins": 14305,
    "win_percentage": 0.46832542150924866
  },
  "15, 31": {
    "count": 39965,
    "wins": 17046,
    "win_percentage": 0.42652320780683095
  },
  "1, 16": {
    "count": 3998,
    "wins": 1666,
    "win_percentage": 0.41670835417708857
  }
}