{
  "12, 28": {
    "count": 12923227,
    "wins": 6398309,
    "win_percentage": 0.4951014943868122
  },
  "11, 27": {
    "count": 5704232,
    "wins": 2882162,
    "win_percentage": 0.5052673173180895
  },
  "9, 17": {
    "count": 355160,
    "wins": 180275,
    "win_percentage": 0.5075881292938395
  },
  "14, 22": {
    "count": 442123,
    "wins": 221571,
    "win_percentage": 0.501152394243231
  },
  "10, 26": {
    "count": 770570,
    "wins": 390002,
    "win_percentage": 0.5061214425684882
  },
  "14, 30": {
    "count": 63010,
    "wins": 30508,
    "win_percentage": 0.48417711474369146
  },
  "12, 20": {
    "count": 542069,
    "wins": 254014,
    "win_percentage": 0.4686008607760267
  },
  "6, 21": {
    "count": 869609,
    "wins": 450456,
    "win_percentage": 0.5179983187846492
  },
  "1, 18": {
    "count": 152517,
    "wins": 75642,
    "win_percentage": 0.49595782765199947
  },
  "13, 29": {
    "count": 217718,
    "wins": 109326,
    "win_percentage": 0.5021449765292718
  },
  "11, 19": {
    "count": 228335,
    "wins": 108182,
    "win_percentage": 0.4737863227275713
  },
  "8, 24": {
    "count": 18410,
    "wins": 8189,
    "win_percentage": 0.44481260184682236
  },
  "9, 25": {
    "count": 112770,
    "wins": 56819,
    "win_percentage": 0.5038485412787089
  },
  "10, 18": {
    "count": 80113,
    "wins": 38844,
    "win_percentage": 0.48486512800669057
  },
  "15, 23": {
    "count": 16163,
    "wins": 7321,
    "win_percentage": 0.4529480913196808
  },
  "13, 21": {
    "count": 29129,
    "wins": 13018,
    "win_percentage": 0.44690857907926806
  },
  "15, 31": {
    "count": 27805,
    "wins": 12357,
    "win_percentage": 0.4444164718575796
  },
  "8, 16": {
    "count": 25130,
    "wins": 11626,
    "win_percentage": 0.46263430163151614
  },
  "6, 23": {
    "count": 10331,
    "wins": 4701,
    "win_percentage": 0.45503823444003483
  },
  "1, 16": {
    "count": 2066,
    "wins": 821,
    "win_percentage": 0.3973862536302033
  }
}