{
  "12, 28": {
    "count": 9908760,
    "wins": 4910689,
    "win_percentage": 0.4955906692663865
  },
  "1, 18": {
    "count": 116050,
    "wins": 57215,
    "win_percentage": 0.4930202498922878
  },
  "14, 22": {
    "count": 348365,
    "wins": 173949,
    "win_percentage": 0.4993297260057698
  },
  "11, 27": {
    "count": 4374998,
    "wins": 2209692,
    "win_percentage": 0.5050726880332288
  },
  "12, 20": {
    "count": 426832,
    "wins": 199348,
    "win_percentage": 0.4670408966525471
  },
  "9, 25": {
    "count": 81383,
    "wins": 41332,
    "win_percentage": 0.5078701940208643
  },
  "6, 21": {
    "count": 654372,
    "wins": 337961,
    "win_percentage": 0.5164661690903645
  },
  "10, 26": {
    "count": 595689,
    "wins": 301791,
    "win_percentage": 0.5066251013532229
  },
  "13, 29": {
    "count": 170314,
    "wins": 84532,
    "win_percentage": 0.4963303075495849
  },
  "11, 19": {
    "count": 181329,
    "wins": 86391,
    "win_percentage": 0.4764323412140364
  },
  "9, 17": {
    "count": 275962,
    "wins": 138631,
    "win_percentage": 0.5023553967575246
  },
  "15, 23": {
    "count": 13097,
    "wins": 5731,
    "win_percentage": 0.437581125448576
  },
  "14, 30": {
    "count": 48227,
    "wins": 23123,
    "win_percentage": 0.47946171231882556
  },
  "8, 16": {
    "count": 18934,
    "wins": 8851,
    "win_percentage": 0.4674659342980881
  },
  "10, 18": {
    "count": 62834,
    "wins": 30120,
    "win_percentage": 0.4793583091956584
  },
  "13, 21": {
    "count": 21476,
    "wins": 9369,
    "win_percentage": 0.4362544235425591
  },
  "15, 31": {
    "count": 24219,
    "wins": 10733,
    "win_percentage": 0.4431644576572113
  },
  "8, 24": {
    "count": 14646,
    "wins": 6356,
    "win_percentage": 0.4339751467977605
  },
  "6, 23": {
    "count": 7537,
    "wins": 3625,
    "win_percentage": 0.4809605944009553
  },
  "1, 16": {
    "count": 1690,
    "wins": 658,
    "win_percentage": 0.3893491124260355
  }
}