{
  "12, 20": {
    "count": 472846,
    "wins": 221689,
    "win_percentage": 0.4688397490937853
  },
  "12, 28": {
    "count": 11393457,
    "wins": 5643151,
    "win_percentage": 0.4952975203224096
  },
  "11, 27": {
    "count": 4982275,
    "wins": 2515751,
    "win_percentage": 0.5049402130552809
  },
  "8, 16": {
    "count": 18543,
    "wins": 8624,
    "win_percentage": 0.4650811627029068
  },
  "6, 21": {
    "count": 740468,
    "wins": 382488,
    "win_percentage": 0.5165489933393476
  },
  "10, 26": {
    "count": 676117,
    "wins": 343125,
    "win_percentage": 0.5074935255288656
  },
  "9, 17": {
    "count": 326035,
    "wins": 164166,
    "win_percentage": 0.5035226279387183
  },
  "11, 19": {
    "count": 200513,
    "wins": 95433,
    "win_percentage": 0.47594420311899976
  },
  "14, 22": {
    "count": 389128,
    "wins": 194998,
    "win_percentage": 0.5011153142410724
  },
  "13, 29": {
    "count": 197844,
    "wins": 98545,
    "win_percentage": 0.4980944582600433
  },
  "6, 23": {
    "count": 9061,
    "wins": 4286,
    "win_percentage": 0.47301622337490346
  },
  "8, 24": {
    "count": 18621,
    "wins": 8567,
    "win_percentage": 0.4600719617636002
  },
  "10, 18": {
    "count": 68289,
    "wins": 32680,
    "win_percentage": 0.47855437918259164
  },
  "9, 25": {
    "count": 91375,
    "wins": 46205,
    "win_percentage": 0.5056634746922024
  },
  "13, 21": {
    "count": 23621,
    "wins": 10316,
    "win_percentage": 0.43673002836459085
  },
  "1, 18": {
    "count": 133131,
    "wins": 65567,
    "win_percentage": 0.4924998685505254
  },
  "15, 23": {
    "count": 15440,
    "wins": 6762,
    "win_percentage": 0.43795336787564765
  },
  "14, 30": {
    "count": 52003,
    "wins": 24759,
    "win_percentage": 0.4761071476645578
  },
  "15, 31": {
    "count": 26911,
    "wins": 11871,
    "win_percentage": 0.4411207312994686
  },
  "1, 16": {
    "count": 2528,
    "wins": 1017,
    "win_percentage": 0.40229430379746833
  }
}