{
  "12, 28": {
    "count": 10209450,
    "wins": 5061428,
    "win_percentage": 0.4957591251242721
  },
  "11, 27": {
    "count": 4524106,
    "wins": 2284427,
    "win_percentage": 0.5049455074660054
  },
  "13, 21": {
    "count": 24951,
    "wins": 11045,
    "win_percentage": 0.44266762855196184
  },
  "13, 29": {
    "count": 173209,
    "wins": 86159,
    "win_percentage": 0.4974279627502035
  },
  "11, 19": {
    "count": 184342,
    "wins": 88415,
    "win_percentage": 0.4796248277657832
  },
  "15, 31": {
    "count": 23160,
    "wins": 10515,
    "win_percentage": 0.4540155440414508
  },
  "12, 20": {
    "count": 451485,
    "wins": 209240,
    "win_percentage": 0.46344839806416604
  },
  "6, 21": {
    "count": 689445,
    "wins": 357033,
    "win_percentage": 0.5178556665143702
  },
  "14, 22": {
    "count": 357188,
    "wins": 178936,
    "win_percentage": 0.5009574789746576
  },
  "10, 26": {
    "count": 605548,
    "wins": 308246,
    "win_percentage": 0.5090364430235093
  },
  "9, 17": {
    "count": 280971,
    "wins": 141654,
    "win_percentage": 0.5041587921885177
  },
  "1, 18": {
    "count": 118274,
    "wins": 57975,
    "win_percentage": 0.4901753555303786
  },
  "14, 30": {
    "count": 51665,
    "wins": 24328,
    "win_percentage": 0.4708797057969612
  },
  "10, 18": {
    "count": 68243,
    "wins": 32598,
    "win_percentage": 0.4776753659716015
  },
  "8, 24": {
    "count": 14396,
    "wins": 6218,
    "win_percentage": 0.43192553487079743
  },
  "9, 25": {
    "count": 85107,
    "wins": 43252,
    "win_percentage": 0.5082073154969626
  },
  "15, 23": {
    "count": 14169,
    "wins": 6094,
    "win_percentage": 0.43009386689251183
  },
  "8, 16": {
    "count": 19312,
    "wins": 8818,
    "win_percentage": 0.4566072908036454
  },
  "6, 23": {
    "count": 8646,
    "wins": 4175,
    "win_percentage": 0.482882257691418
  },
  "1, 16": {
    "count": 1729,
    "wins": 659,
    "win_percentage": 0.38114517061885483
  }
}