{
  "11, 27": {
    "count": 5088989,
    "wins": 2571105,
    "win_percentage": 0.5052290346864574
  },
  "12, 28": {
    "count": 11541852,
    "wins": 5713903,
    "win_percentage": 0.49505945839541177
  },
  "12, 20": {
    "count": 496083,
    "wins": 232240,
    "win_percentage": 0.4681474672585031
  },
  "6, 21": {
    "count": 775018,
    "wins": 401282,
    "win_percentage": 0.5177712001527707
  },
  "9, 17": {
    "count": 339433,
    "wins": 171423,
    "win_percentage": 0.505027501745558
  },
  "13, 29": {
    "count": 192551,
    "wins": 96576,
    "win_percentage": 0.5015606254966217
  },
  "10, 18": {
    "count": 74370,
    "wins": 35683,
    "win_percentage": 0.4798036842812962
  },
  "10, 26": {
    "count": 696534,
    "wins": 352863,
    "win_percentage": 0.5065983857213
  },
  "11, 19": {
    "count": 211932,
    "wins": 100593,
    "win_percentage": 0.4746475284525225
  },
  "14, 22": {
    "count": 416187,
    "wins": 209443,
    "win_percentage": 0.5032425328037637
  },
  "14, 30": {
    "count": 53932,
    "wins": 25729,
    "win_percentage": 0.4770637098568568
  },
  "6, 23": {
    "count": 7934,
    "wins": 3496,
    "win_percentage": 0.4406352407360726
  },
  "9, 25": {
    "count": 97094,
    "wins": 49287,
    "win_percentage": 0.5076214802150494
  },
  "13, 21": {
    "count": 27063,
    "wins": 12157,
    "win_percentage": 0.44921110002586556
  },
  "1, 18": {
    "count": 136172,
    "wins": 67787,
    "win_percentage": 0.4978042475692507
  },
  "15, 31": {
    "count": 24109,
    "wins": 11080,
    "win_percentage": 0.4595794101787714
  },
  "8, 16": {
    "count": 20581,
    "wins": 9668,
    "win_percentage": 0.469753656284923
  },
  "15, 23": {
    "count": 14057,
    "wins": 6329,
    "win_percentage": 0.45023831543003484
  },
  "8, 24": {
    "count": 17332,
    "wins": 7596,
    "win_percentage": 0.4382644818832218
  },
  "1, 16": {
    "count": 1704,
    "wins": 632,
    "win_percentage": 0.37089201877934275
  }
}