{
  "14, 22": {
    "count": 476192,
    "wins": 238226,
    "win_percentage": 0.5002729991264028
  },
  "12, 28": {
    "count": 15173077,
    "wins": 7517025,
    "win_percentage": 0.4954186286670792
  },
  "13, 29": {
    "count": 248980,
    "wins": 123780,
    "win_percentage": 0.4971483653305486
  },
  "11, 19": {
    "count": 245682,
    "wins": 116683,
    "win_percentage": 0.4749350786789427
  },
  "11, 27": {
    "count": 6527597,
    "wins": 3300067,
    "win_percentage": 0.5055561794026193
  },
  "6, 21": {
    "count": 932305,
    "wins": 479516,
    "win_percentage": 0.514333828521782
  },
  "10, 26": {
    "count": 893218,
    "wins": 451884,
    "win_percentage": 0.5059056131873741
  },
  "12, 20": {
    "count": 591736,
    "wins": 279216,
    "win_percentage": 0.47185907228899376
  },
  "9, 17": {
    "count": 388216,
    "wins": 196773,
    "win_percentage": 0.506864735095926
  },
  "15, 31": {
    "count": 32057,
    "wins": 13816,
    "win_percentage": 0.43098231275540444
  },
  "14, 30": {
    "count": 69979,
    "wins": 33645,
    "win_percentage": 0.4807870932708384
  },
  "1, 18": {
    "count": 174635,
    "wins": 85245,
    "win_percentage": 0.4881323904142927
  },
  "9, 25": {
    "count": 126610,
    "wins": 63743,
    "win_percentage": 0.5034594423821183
  },
  "10, 18": {
    "count": 82478,
    "wins": 39459,
    "win_percentage": 0.47841848735420356
  },
  "13, 21": {
    "count": 33765,
    "wins": 14796,
    "win_percentage": 0.4382052421146157
  },
  "8, 16": {
    "count": 26938,
    "wins": 12350,
    "win_percentage": 0.4584601677927092
  },
  "8, 24": {
    "count": 21085,
    "wins": 9106,
    "win_percentage": 0.43187099834005216
  },
  "15, 23": {
    "count": 21572,
    "wins": 9534,
    "win_percentage": 0.44196180233636195
  },
  "6, 23": {
    "count": 13136,
    "wins": 5863,
    "win_percentage": 0.44633069427527405
  },
  "1, 16": {
    "count": 3566,
    "wins": 1466,
    "win_percentage": 0.4111048794167134
  }
}