{
  "12, 28": {
    "count": 12027070,
    "wins": 5950290,
    "win_percentage": 0.4947414457552837
  },
  "11, 27": {
    "count": 5279438,
    "wins": 2669705,
    "win_percentage": 0.5056797712180728
  },
  "1, 18": {
    "count": 141848,
    "wins": 71187,
    "win_percentage": 0.5018540973436354
  },
  "10, 26": {
    "count": 725924,
    "wins": 369855,
    "win_percentage": 0.5094954843757749
  },
  "9, 25": {
    "count": 103866,
    "wins": 52803,
    "win_percentage": 0.508376176997285
  },
  "8, 16": {
    "count": 23602,
    "wins": 10716,
    "win_percentage": 0.45402931954919074
  },
  "14, 30": {
    "count": 56460,
    "wins": 27103,
    "win_percentage": 0.48003896563939075
  },
  "9, 17": {
    "count": 332770,
    "wins": 168896,
    "win_percentage": 0.5075457523214232
  },
  "6, 21": {
    "count": 800705,
    "wins": 413329,
    "win_percentage": 0.5162063431600902
  },
  "12, 20": {
    "count": 519226,
    "wins": 242777,
    "win_percentage": 0.4675748132797664
  },
  "10, 18": {
    "count": 81260,
    "wins": 38657,
    "win_percentage": 0.47571991139552056
  },
  "14, 22": {
    "count": 415487,
    "wins": 209207,
    "win_percentage": 0.5035223725411385
  },
  "13, 29": {
    "count": 204678,
    "wins": 102267,
    "win_percentage": 0.4996482279482895
  },
  "11, 19": {
    "count": 218525,
    "wins": 104270,
    "win_percentage": 0.47715364374785496
  },
  "6, 23": {
    "count": 9608,
    "wins": 4408,
    "win_percentage": 0.4587843463780183
  },
  "13, 21": {
    "count": 26578,
    "wins": 11709,
    "win_percentage": 0.44055233651892545
  },
  "8, 24": {
    "count": 16738,
    "wins": 7564,
    "win_percentage": 0.45190584299199427
  },
  "15, 31": {
    "count": 26945,
    "wins": 11523,
    "win_percentage": 0.42764891445537206
  },
  "15, 23": {
    "count": 15184,
    "wins": 6712,
    "win_percentage": 0.44204425711275025
  },
  "1, 16": {
    "count": 1678,
    "wins": 674,
    "win_percentage": 0.40166865315852207
  }
}