{
  "12, 20": {
    "count": 916768,
    "wins": 434156,
    "win_percentage": 0.4735723759991623
  },
  "12, 28": {
    "count": 23231906,
    "wins": 11497836,
    "win_percentage": 0.4949157421694113
  },
  "11, 27": {
    "count": 10009053,
    "wins": 5054786,
    "win_percentage": 0.5050214041228476
  },
  "10, 26": {
    "count": 1491901,
    "wins": 756630,
    "win_percentage": 0.5071583168052035
  },
  "6, 21": {
    "count": 1533605,
    "wins": 787642,
    "win_percentage": 0.5135885707206224
  },
  "9, 17": {
    "count": 654546,
    "wins": 330358,
    "win_percentage": 0.5047131905167856
  },
  "13, 29": {
    "count": 394729,
    "wins": 196075,
    "win_percentage": 0.4967332017662751
  },
  "11, 19": {
    "count": 382450,
    "wins": 182608,
    "win_percentage": 0.47746895018956725
  },
  "9, 25": {
    "count": 180266,
    "wins": 90928,
    "win_percentage": 0.504410149445819
  },
  "6, 23": {
    "count": 11829,
    "wins": 5308,
    "win_percentage": 0.4487277031025446
  },
  "14, 22": {
    "count": 757116,
    "wins": 379749,
    "win_percentage": 0.5015730746675543
  },
  "8, 16": {
    "count": 47072,
    "wins": 23055,
    "win_percentage": 0.4897816111488783
  },
  "15, 31": {
    "count": 43623,
    "wins": 19043,
    "win_percentage": 0.436535772413635
  },
  "14, 30": {
    "count": 126965,
    "wins": 60162,
    "win_percentage": 0.47384712322293543
  },
  "1, 18": {
    "count": 266956,
    "wins": 132528,
    "win_percentage": 0.4964413611231813
  },
  "10, 18": {
    "count": 130757,
    "wins": 62148,
    "win_percentage": 0.47529386572038207
  },
  "8, 24": {
    "count": 35931,
    "wins": 16280,
    "win_percentage": 0.45309064596031284
  },
  "13, 21": {
    "count": 50393,
    "wins": 22116,
    "win_percentage": 0.4388704780425853
  },
  "15, 23": {
    "count": 29060,
    "wins": 13151,
    "win_percentage": 0.45254645560908463
  },
  "1, 16": {
    "count": 4583,
    "wins": 1917,
    "win_percentage": 0.4182849661793585
  }
}