{
  "12, 28": {
    "count": 19607607,
    "wins": 9716184,
    "win_percentage": 0.4955313516840683
  },
  "12, 20": {
    "count": 800625,
    "wins": 379939,
    "win_percentage": 0.47455300546448087
  },
  "11, 27": {
    "count": 8392747,
    "wins": 4239896,
    "win_percentage": 0.5051857276288682
  },
  "8, 16": {
    "count": 34105,
    "wins": 15933,
    "win_percentage": 0.4671749010409031
  },
  "9, 17": {
    "count": 546863,
    "wins": 276043,
    "win_percentage": 0.5047754190720528
  },
  "6, 21": {
    "count": 1247032,
    "wins": 641304,
    "win_percentage": 0.5142642690805047
  },
  "14, 22": {
    "count": 653972,
    "wins": 327956,
    "win_percentage": 0.5014832439309328
  },
  "10, 26": {
    "count": 1221181,
    "wins": 619699,
    "win_percentage": 0.5074587632791535
  },
  "13, 29": {
    "count": 318577,
    "wins": 158206,
    "win_percentage": 0.49660207736277256
  },
  "9, 25": {
    "count": 154488,
    "wins": 77866,
    "win_percentage": 0.5040262026824089
  },
  "1, 18": {
    "count": 227033,
    "wins": 112111,
    "win_percentage": 0.493809270018015
  },
  "11, 19": {
    "count": 321453,
    "wins": 154848,
    "win_percentage": 0.4817127231663727
  },
  "14, 30": {
    "count": 92985,
    "wins": 44764,
    "win_percentage": 0.4814109802656342
  },
  "1, 16": {
    "count": 4183,
    "wins": 1723,
    "win_percentage": 0.41190533110207983
  },
  "10, 18": {
    "count": 114563,
    "wins": 55233,
    "win_percentage": 0.4821190087550082
  },
  "13, 21": {
    "count": 43297,
    "wins": 19474,
    "win_percentage": 0.44977712081668475
  },
  "8, 24": {
    "count": 29729,
    "wins": 13616,
    "win_percentage": 0.45800396918833464
  },
  "6, 23": {
    "count": 12287,
    "wins": 5449,
    "win_percentage": 0.44347684544640675
  },
  "15, 31": {
    "count": 38476,
    "wins": 16902,
    "win_percentage": 0.4392868281526146
  },
  "15, 23": {
    "count": 27019,
    "wins": 12228,
    "win_percentage": 0.4525704134127836
  }
}