{
  "12, 28": {
    "count": 20514585,
    "wins": 10157417,
    "win_percentage": 0.495131488158303
  },
  "11, 27": {
    "count": 8884156,
    "wins": 4484318,
    "win_percentage": 0.504754531550324
  },
  "1, 18": {
    "count": 234611,
    "wins": 116668,
    "win_percentage": 0.49728273610359275
  },
  "6, 21": {
    "count": 1367143,
    "wins": 702820,
    "win_percentage": 0.514079361120234
  },
  "10, 26": {
    "count": 1308528,
    "wins": 663093,
    "win_percentage": 0.5067472763288214
  },
  "12, 20": {
    "count": 817610,
    "wins": 386600,
    "win_percentage": 0.47284157483396727
  },
  "9, 25": {
    "count": 166313,
    "wins": 84160,
    "win_percentage": 0.5060338037315183
  },
  "13, 29": {
    "count": 352019,
    "wins": 174723,
    "win_percentage": 0.4963453677216287
  },
  "14, 22": {
    "count": 689108,
    "wins": 347112,
    "win_percentage": 0.5037120451366114
  },
  "9, 17": {
    "count": 592578,
    "wins": 298518,
    "win_percentage": 0.5037615301276794
  },
  "13, 21": {
    "count": 47554,
    "wins": 21740,
    "win_percentage": 0.45716448668881693
  },
  "8, 16": {
    "count": 38713,
    "wins": 17876,
    "win_percentage": 0.46175703252137523
  },
  "11, 19": {
    "count": 330831,
    "wins": 157774,
    "win_percentage": 0.4769021040954445
  },
  "10, 18": {
    "count": 124189,
    "wins": 59799,
    "win_percentage": 0.4815160763030542
  },
  "15, 31": {
    "count": 40175,
    "wins": 17654,
    "win_percentage": 0.4394275046670815
  },
  "8, 24": {
    "count": 30377,
    "wins": 14239,
    "win_percentage": 0.4687427988280607
  },
  "14, 30": {
    "count": 94757,
    "wins": 45393,
    "win_percentage": 0.4790464029042709
  },
  "15, 23": {
    "count": 28727,
    "wins": 12940,
    "win_percentage": 0.4504473143732377
  },
  "6, 23": {
    "count": 12462,
    "wins": 5583,
    "win_percentage": 0.44800192585459797
  },
  "1, 16": {
    "count": 3274,
    "wins": 1335,
    "win_percentage": 0.40775809407452657
  }
}