{
  "12, 28": {
    "count": 20428867,
    "wins": 10120966,
    "win_percentage": 0.4954247340295475
  },
  "11, 27": {
    "count": 8528420,
    "wins": 4309057,
    "win_percentage": 0.5052585355786887
  },
  "10, 26": {
    "count": 1193617,
    "wins": 605894,
    "win_percentage": 0.507611738103596
  },
  "14, 22": {
    "count": 647285,
    "wins": 324552,
    "win_percentage": 0.5014050997628556
  },
  "12, 20": {
    "count": 805847,
    "wins": 380157,
    "win_percentage": 0.4717483591798443
  },
  "6, 21": {
    "count": 1246989,
    "wins": 640706,
    "win_percentage": 0.5138024473351409
  },
  "9, 17": {
    "count": 530130,
    "wins": 268029,
    "win_percentage": 0.5055910814328561
  },
  "11, 19": {
    "count": 324750,
    "wins": 154243,
    "win_percentage": 0.47495919938414166
  },
  "14, 30": {
    "count": 91669,
    "wins": 44000,
    "win_percentage": 0.47998778212918214
  },
  "13, 29": {
    "count": 329229,
    "wins": 163466,
    "win_percentage": 0.49651154667419944
  },
  "10, 18": {
    "count": 115738,
    "wins": 56594,
    "win_percentage": 0.4889837391349427
  },
  "1, 18": {
    "count": 219666,
    "wins": 107137,
    "win_percentage": 0.48772682162920067
  },
  "9, 25": {
    "count": 157339,
    "wins": 79512,
    "win_percentage": 0.5053546800221178
  },
  "8, 24": {
    "count": 35202,
    "wins": 15673,
    "win_percentage": 0.4452303846372365
  },
  "13, 21": {
    "count": 42970,
    "wins": 18962,
    "win_percentage": 0.4412846171747731
  },
  "15, 23": {
    "count": 24825,
    "wins": 11097,
    "win_percentage": 0.44700906344410873
  },
  "8, 16": {
    "count": 34733,
    "wins": 16299,
    "win_percentage": 0.4692655399763913
  },
  "15, 31": {
    "count": 42764,
    "wins": 18315,
    "win_percentage": 0.4282807969319989
  },
  "1, 16": {
    "count": 4479,
    "wins": 1756,
    "win_percentage": 0.3920517972761777
  },
  "6, 23": {
    "count": 13699,
    "wins": 6256,
    "win_percentage": 0.45667566975691654
  }
}