{
  "12, 28": {
    "count": 18113170,
    "wins": 8969379,
    "win_percentage": 0.4951854921032597
  },
  "12, 20": {
    "count": 717919,
    "wins": 340154,
    "win_percentage": 0.4738055407364898
  },
  "11, 27": {
    "count": 7612794,
    "wins": 3847504,
    "win_percentage": 0.5053997257774215
  },
  "10, 26": {
    "count": 1090983,
    "wins": 552666,
    "win_percentage": 0.5065761794638414
  },
  "14, 22": {
    "count": 566474,
    "wins": 283040,
    "win_percentage": 0.4996522347009748
  },
  "6, 21": {
    "count": 1121924,
    "wins": 576392,
    "win_percentage": 0.5137531597505713
  },
  "9, 17": {
    "count": 467879,
    "wins": 236389,
    "win_percentage": 0.5052353279373514
  },
  "11, 19": {
    "count": 293462,
    "wins": 140528,
    "win_percentage": 0.4788626806877892
  },
  "13, 29": {
    "count": 297468,
    "wins": 147428,
    "win_percentage": 0.49560961179017576
  },
  "14, 30": {
    "count": 77959,
    "wins": 37094,
    "win_percentage": 0.4758142100334791
  },
  "1, 18": {
    "count": 195275,
    "wins": 96417,
    "win_percentage": 0.4937498399692741
  },
  "8, 16": {
    "count": 30771,
    "wins": 14451,
    "win_percentage": 0.4696304962464658
  },
  "9, 25": {
    "count": 142179,
    "wins": 72093,
    "win_percentage": 0.5070580043466335
  },
  "10, 18": {
    "count": 103623,
    "wins": 49939,
    "win_percentage": 0.4819296874246065
  },
  "8, 24": {
    "count": 27101,
    "wins": 11897,
    "win_percentage": 0.4389874912364857
  },
  "13, 21": {
    "count": 42182,
    "wins": 18910,
    "win_percentage": 0.4482954814849936
  },
  "15, 23": {
    "count": 23097,
    "wins": 10328,
    "win_percentage": 0.44715763952028403
  },
  "15, 31": {
    "count": 37335,
    "wins": 15819,
    "win_percentage": 0.423704298915227
  },
  "6, 23": {
    "count": 11785,
    "wins": 5324,
    "win_percentage": 0.4517607127704709
  },
  "1, 16": {
    "count": 4027,
    "wins": 1619,
    "win_percentage": 0.402036255276881
  }
}