{
  "12, 28": {
    "count": 23290118,
    "wins": 11528368,
    "win_percentage": 0.4949896775963093
  },
  "11, 27": {
    "count": 10042363,
    "wins": 5071101,
    "win_percentage": 0.504970891811021
  },
  "10, 26": {
    "count": 1495906,
    "wins": 758904,
    "win_percentage": 0.5073206471529628
  },
  "14, 22": {
    "count": 755984,
    "wins": 378799,
    "win_percentage": 0.5010674829096912
  },
  "6, 21": {
    "count": 1551299,
    "wins": 796142,
    "win_percentage": 0.5132098969960014
  },
  "11, 19": {
    "count": 378767,
    "wins": 181916,
    "win_percentage": 0.4802847132933967
  },
  "12, 20": {
    "count": 923750,
    "wins": 437557,
    "win_percentage": 0.4736746955345061
  },
  "13, 29": {
    "count": 396059,
    "wins": 196113,
    "win_percentage": 0.49516107448637703
  },
  "15, 23": {
    "count": 30924,
    "wins": 14002,
    "win_percentage": 0.45278747898072697
  },
  "9, 17": {
    "count": 642304,
    "wins": 324821,
    "win_percentage": 0.5057122484057394
  },
  "10, 18": {
    "count": 128092,
    "wins": 61391,
    "win_percentage": 0.47927271023951534
  },
  "1, 18": {
    "count": 268840,
    "wins": 133934,
    "win_percentage": 0.4981922332986163
  },
  "9, 25": {
    "count": 181974,
    "wins": 92625,
    "win_percentage": 0.5090012858979854
  },
  "15, 31": {
    "count": 43548,
    "wins": 19138,
    "win_percentage": 0.43946909157711034
  },
  "14, 30": {
    "count": 111558,
    "wins": 53435,
    "win_percentage": 0.4789885082199394
  },
  "13, 21": {
    "count": 52373,
    "wins": 23278,
    "win_percentage": 0.44446565978653124
  },
  "8, 16": {
    "count": 45503,
    "wins": 22023,
    "win_percentage": 0.4839900665890161
  },
  "8, 24": {
    "count": 32601,
    "wins": 15177,
    "win_percentage": 0.46553786693659704
  },
  "6, 23": {
    "count": 10514,
    "wins": 4668,
    "win_percentage": 0.44397945596347727
  },
  "1, 16": {
    "count": 3548,
    "wins": 1376,
    "win_percentage": 0.3878241262683202
  }
}