{
  "11, 27": {
    "count": 9208262,
    "wins": 4650127,
    "win_percentage": 0.5049950794188958
  },
  "12, 28": {
    "count": 21286673,
    "wins": 10539372,
    "win_percentage": 0.4951159817224608
  },
  "10, 26": {
    "count": 1343676,
    "wins": 682469,
    "win_percentage": 0.5079118775657226
  },
  "11, 19": {
    "count": 349119,
    "wins": 166789,
    "win_percentage": 0.47774254623781576
  },
  "1, 18": {
    "count": 239013,
    "wins": 119100,
    "win_percentage": 0.4982992556890211
  },
  "14, 22": {
    "count": 697731,
    "wins": 350212,
    "win_percentage": 0.5019298268243779
  },
  "12, 20": {
    "count": 849144,
    "wins": 401161,
    "win_percentage": 0.47242988232855676
  },
  "13, 29": {
    "count": 368139,
    "wins": 183639,
    "win_percentage": 0.4988306047444036
  },
  "6, 21": {
    "count": 1419749,
    "wins": 728849,
    "win_percentage": 0.5133646862931406
  },
  "10, 18": {
    "count": 120703,
    "wins": 57522,
    "win_percentage": 0.47655816342592977
  },
  "14, 30": {
    "count": 96177,
    "wins": 46349,
    "win_percentage": 0.481913555215904
  },
  "8, 24": {
    "count": 29927,
    "wins": 14011,
    "win_percentage": 0.46817255321281787
  },
  "9, 17": {
    "count": 603869,
    "wins": 303217,
    "win_percentage": 0.5021238049974415
  },
  "9, 25": {
    "count": 162784,
    "wins": 83109,
    "win_percentage": 0.5105477196776096
  },
  "8, 16": {
    "count": 40804,
    "wins": 19951,
    "win_percentage": 0.488947162042937
  },
  "13, 21": {
    "count": 49415,
    "wins": 22499,
    "win_percentage": 0.45530709298795913
  },
  "1, 16": {
    "count": 4304,
    "wins": 1726,
    "win_percentage": 0.4010223048327137
  },
  "15, 31": {
    "count": 39793,
    "wins": 17777,
    "win_percentage": 0.44673686326740886
  },
  "15, 23": {
    "count": 28549,
    "wins": 13040,
    "win_percentage": 0.4567585554660408
  },
  "6, 23": {
    "count": 9984,
    "wins": 4662,
    "win_percentage": 0.46694711538461536
  }
}