{
  "12, 28": {
    "count": 25411872,
    "wins": 12562972,
    "win_percentage": 0.4943741256055437
  },
  "11, 27": {
    "count": 10925513,
    "wins": 5513110,
    "win_percentage": 0.5046087996051077
  },
  "10, 26": {
    "count": 1602739,
    "wins": 813626,
    "win_percentage": 0.5076472214128439
  },
  "13, 29": {
    "count": 434277,
    "wins": 214926,
    "win_percentage": 0.49490532540291104
  },
  "14, 30": {
    "count": 131260,
    "wins": 62785,
    "win_percentage": 0.47832546091726347
  },
  "1, 18": {
    "count": 277152,
    "wins": 137124,
    "win_percentage": 0.4947609975753377
  },
  "9, 17": {
    "count": 691134,
    "wins": 346764,
    "win_percentage": 0.5017319362091867
  },
  "9, 25": {
    "count": 195210,
    "wins": 98754,
    "win_percentage": 0.5058859689565084
  },
  "14, 22": {
    "count": 800600,
    "wins": 401345,
    "win_percentage": 0.501305271046715
  },
  "6, 21": {
    "count": 1694170,
    "wins": 869508,
    "win_percentage": 0.5132353896008075
  },
  "12, 20": {
    "count": 996205,
    "wins": 470852,
    "win_percentage": 0.4726456903950492
  },
  "10, 18": {
    "count": 136703,
    "wins": 65455,
    "win_percentage": 0.47881173053992965
  },
  "1, 16": {
    "count": 4484,
    "wins": 1883,
    "win_percentage": 0.41993755575379127
  },
  "11, 19": {
    "count": 420192,
    "wins": 201320,
    "win_percentage": 0.4791143096489224
  },
  "8, 24": {
    "count": 38455,
    "wins": 17897,
    "win_percentage": 0.46540111819009233
  },
  "8, 16": {
    "count": 48545,
    "wins": 23462,
    "win_percentage": 0.4833041507879287
  },
  "15, 31": {
    "count": 47109,
    "wins": 20674,
    "win_percentage": 0.43885457131333716
  },
  "13, 21": {
    "count": 54333,
    "wins": 24205,
    "win_percentage": 0.4454935306351573
  },
  "15, 23": {
    "count": 31196,
    "wins": 13778,
    "win_percentage": 0.4416591870752661
  },
  "6, 23": {
    "count": 14915,
    "wins": 6413,
    "win_percentage": 0.42996982903117664
  }
}