{
  "11, 27": {
    "count": 8651113,
    "wins": 4368295,
    "win_percentage": 0.5049402313898801
  },
  "12, 28": {
    "count": 20483323,
    "wins": 10148804,
    "win_percentage": 0.495466677940879
  },
  "10, 26": {
    "count": 1302965,
    "wins": 659525,
    "win_percentage": 0.5061724605035438
  },
  "12, 20": {
    "count": 819771,
    "wins": 387898,
    "win_percentage": 0.47317848521111383
  },
  "6, 21": {
    "count": 1262278,
    "wins": 649266,
    "win_percentage": 0.5143605449829594
  },
  "14, 22": {
    "count": 659800,
    "wins": 331982,
    "win_percentage": 0.5031555016671718
  },
  "1, 18": {
    "count": 230123,
    "wins": 113408,
    "win_percentage": 0.49281471213220757
  },
  "13, 29": {
    "count": 328884,
    "wins": 162530,
    "win_percentage": 0.4941864000681091
  },
  "9, 25": {
    "count": 155223,
    "wins": 78336,
    "win_percentage": 0.504667478402041
  },
  "11, 19": {
    "count": 332365,
    "wins": 158059,
    "win_percentage": 0.4755584974350488
  },
  "9, 17": {
    "count": 557583,
    "wins": 280818,
    "win_percentage": 0.5036344364874826
  },
  "8, 24": {
    "count": 33488,
    "wins": 15869,
    "win_percentage": 0.473871237458194
  },
  "14, 30": {
    "count": 90095,
    "wins": 43154,
    "win_percentage": 0.47898329541040013
  },
  "10, 18": {
    "count": 113324,
    "wins": 54383,
    "win_percentage": 0.47988952031343757
  },
  "1, 16": {
    "count": 4496,
    "wins": 1845,
    "win_percentage": 0.41036476868327404
  },
  "15, 31": {
    "count": 40792,
    "wins": 18068,
    "win_percentage": 0.442929986271818
  },
  "6, 23": {
    "count": 13949,
    "wins": 6334,
    "win_percentage": 0.4540827299447989
  },
  "15, 23": {
    "count": 27980,
    "wins": 12658,
    "win_percentage": 0.45239456754824875
  },
  "8, 16": {
    "count": 34045,
    "wins": 15591,
    "win_percentage": 0.457952709648994
  },
  "13, 21": {
    "count": 45059,
    "wins": 19996,
    "win_percentage": 0.4437737189018842
  }
}