{
  "11, 27": {
    "count": 9172350,
    "wins": 4632694,
    "win_percentage": 0.5050716555735444
  },
  "12, 28": {
    "count": 21070007,
    "wins": 10435303,
    "win_percentage": 0.4952681316147641
  },
  "11, 19": {
    "count": 356311,
    "wins": 169709,
    "win_percentage": 0.476294585348193
  },
  "1, 18": {
    "count": 241350,
    "wins": 120129,
    "win_percentage": 0.49773772529521443
  },
  "14, 22": {
    "count": 696841,
    "wins": 349898,
    "win_percentage": 0.5021202828191798
  },
  "13, 29": {
    "count": 366379,
    "wins": 183018,
    "win_percentage": 0.49953190548584936
  },
  "10, 26": {
    "count": 1333503,
    "wins": 677399,
    "win_percentage": 0.50798460895851
  },
  "9, 17": {
    "count": 607538,
    "wins": 307429,
    "win_percentage": 0.506024314528474
  },
  "6, 21": {
    "count": 1423374,
    "wins": 729230,
    "win_percentage": 0.5123249405988869
  },
  "9, 25": {
    "count": 167751,
    "wins": 85211,
    "win_percentage": 0.5079612044041466
  },
  "12, 20": {
    "count": 836576,
    "wins": 396829,
    "win_percentage": 0.4743490131201469
  },
  "14, 30": {
    "count": 87800,
    "wins": 41903,
    "win_percentage": 0.47725512528473807
  },
  "10, 18": {
    "count": 127005,
    "wins": 60868,
    "win_percentage": 0.4792567221762923
  },
  "13, 21": {
    "count": 49604,
    "wins": 22721,
    "win_percentage": 0.45804773808563826
  },
  "8, 16": {
    "count": 40313,
    "wins": 19193,
    "win_percentage": 0.4760995212462481
  },
  "6, 23": {
    "count": 11717,
    "wins": 5391,
    "win_percentage": 0.46010070837245026
  },
  "15, 31": {
    "count": 43143,
    "wins": 19534,
    "win_percentage": 0.45277333518763185
  },
  "15, 23": {
    "count": 28271,
    "wins": 12795,
    "win_percentage": 0.4525839199179371
  },
  "8, 24": {
    "count": 30412,
    "wins": 14236,
    "win_percentage": 0.46810469551492834
  },
  "1, 16": {
    "count": 3997,
    "wins": 1653,
    "win_percentage": 0.4135601701275957
  }
}