{
  "11, 27": {
    "count": 8308412,
    "wins": 4196667,
    "win_percentage": 0.5051106035666021
  },
  "12, 28": {
    "count": 19760324,
    "wins": 9782750,
    "win_percentage": 0.49507032374570376
  },
  "12, 20": {
    "count": 771974,
    "wins": 365280,
    "win_percentage": 0.4731765577597173
  },
  "10, 26": {
    "count": 1201985,
    "wins": 608131,
    "win_percentage": 0.5059389260265311
  },
  "11, 19": {
    "count": 318430,
    "wins": 151798,
    "win_percentage": 0.4767075966460447
  },
  "14, 22": {
    "count": 625674,
    "wins": 314931,
    "win_percentage": 0.5033467908207788
  },
  "13, 29": {
    "count": 317645,
    "wins": 158889,
    "win_percentage": 0.5002093532087708
  },
  "6, 21": {
    "count": 1250576,
    "wins": 641064,
    "win_percentage": 0.512614987013984
  },
  "1, 18": {
    "count": 218877,
    "wins": 106977,
    "win_percentage": 0.48875395770227115
  },
  "9, 17": {
    "count": 517585,
    "wins": 263533,
    "win_percentage": 0.5091588821159809
  },
  "9, 25": {
    "count": 153298,
    "wins": 77244,
    "win_percentage": 0.5038813291758536
  },
  "10, 18": {
    "count": 116086,
    "wins": 55814,
    "win_percentage": 0.48079871819168546
  },
  "8, 24": {
    "count": 29442,
    "wins": 12929,
    "win_percentage": 0.43913456966238706
  },
  "14, 30": {
    "count": 82713,
    "wins": 39316,
    "win_percentage": 0.4753303591938389
  },
  "13, 21": {
    "count": 42872,
    "wins": 18864,
    "win_percentage": 0.4400074640791192
  },
  "15, 31": {
    "count": 40970,
    "wins": 17498,
    "win_percentage": 0.42709299487429825
  },
  "15, 23": {
    "count": 25716,
    "wins": 11383,
    "win_percentage": 0.4426427127080417
  },
  "8, 16": {
    "count": 33401,
    "wins": 15826,
    "win_percentage": 0.4738181491572109
  },
  "6, 23": {
    "count": 12362,
    "wins": 5577,
    "win_percentage": 0.45114059213719465
  },
  "1, 16": {
    "count": 4418,
    "wins": 1796,
    "win_percentage": 0.406518786781349
  }
}