{
  "11, 27": {
    "count": 8233243,
    "wins": 4159047,
    "win_percentage": 0.5051529512732711
  },
  "12, 28": {
    "count": 19627089,
    "wins": 9726472,
    "win_percentage": 0.4955636569437271
  },
  "9, 25": {
    "count": 145719,
    "wins": 73813,
    "win_percentage": 0.5065434157522355
  },
  "14, 22": {
    "count": 610921,
    "wins": 306225,
    "win_percentage": 0.5012513892958337
  },
  "12, 20": {
    "count": 779253,
    "wins": 368720,
    "win_percentage": 0.4731711010416386
  },
  "1, 18": {
    "count": 214911,
    "wins": 106271,
    "win_percentage": 0.49448841613505123
  },
  "10, 26": {
    "count": 1176695,
    "wins": 596502,
    "win_percentage": 0.5069300031019083
  },
  "6, 21": {
    "count": 1183089,
    "wins": 607472,
    "win_percentage": 0.5134626389054416
  },
  "9, 17": {
    "count": 526798,
    "wins": 265965,
    "win_percentage": 0.504870937247294
  },
  "11, 19": {
    "count": 316117,
    "wins": 150366,
    "win_percentage": 0.47566565543770184
  },
  "13, 21": {
    "count": 39573,
    "wins": 17376,
    "win_percentage": 0.4390872564627398
  },
  "13, 29": {
    "count": 319411,
    "wins": 158724,
    "win_percentage": 0.4969271565475203
  },
  "15, 31": {
    "count": 39509,
    "wins": 17212,
    "win_percentage": 0.43564757397048776
  },
  "14, 30": {
    "count": 90162,
    "wins": 43122,
    "win_percentage": 0.4782724429360484
  },
  "10, 18": {
    "count": 110034,
    "wins": 53507,
    "win_percentage": 0.48627696893687405
  },
  "8, 24": {
    "count": 30046,
    "wins": 13744,
    "win_percentage": 0.45743193769553353
  },
  "6, 23": {
    "count": 12502,
    "wins": 5832,
    "win_percentage": 0.46648536234202526
  },
  "15, 23": {
    "count": 24043,
    "wins": 10867,
    "win_percentage": 0.45198186582373245
  },
  "8, 16": {
    "count": 33230,
    "wins": 15541,
    "win_percentage": 0.4676798074029491
  },
  "1, 16": {
    "count": 3917,
    "wins": 1583,
    "win_percentage": 0.4041358182282359
  }
}