{
  "11, 27": {
    "count": 11730794,
    "wins": 5918209,
    "win_percentage": 0.504501997051521
  },
  "12, 28": {
    "count": 27025815,
    "wins": 13362876,
    "win_percentage": 0.49444858554681886
  },
  "10, 18": {
    "count": 149694,
    "wins": 71411,
    "win_percentage": 0.4770465082100819
  },
  "10, 26": {
    "count": 1687547,
    "wins": 858041,
    "win_percentage": 0.5084545793391236
  },
  "13, 29": {
    "count": 449512,
    "wins": 224162,
    "win_percentage": 0.498678566979302
  },
  "11, 19": {
    "count": 430168,
    "wins": 205698,
    "win_percentage": 0.4781806178051366
  },
  "9, 17": {
    "count": 727446,
    "wins": 366072,
    "win_percentage": 0.5032291056655752
  },
  "12, 20": {
    "count": 1046958,
    "wins": 496797,
    "win_percentage": 0.4745147369808531
  },
  "6, 21": {
    "count": 1769494,
    "wins": 907119,
    "win_percentage": 0.5126431623955775
  },
  "14, 22": {
    "count": 847516,
    "wins": 425577,
    "win_percentage": 0.5021462721647733
  },
  "15, 31": {
    "count": 50492,
    "wins": 22399,
    "win_percentage": 0.4436148300720906
  },
  "14, 30": {
    "count": 133006,
    "wins": 63598,
    "win_percentage": 0.47815888005052404
  },
  "13, 21": {
    "count": 55980,
    "wins": 24602,
    "win_percentage": 0.4394783851375491
  },
  "8, 16": {
    "count": 47951,
    "wins": 22927,
    "win_percentage": 0.47813392838522656
  },
  "1, 18": {
    "count": 294321,
    "wins": 145305,
    "win_percentage": 0.4936956588214908
  },
  "9, 25": {
    "count": 203146,
    "wins": 103024,
    "win_percentage": 0.507142646175657
  },
  "8, 24": {
    "count": 37883,
    "wins": 17347,
    "win_percentage": 0.45790988042129716
  },
  "6, 23": {
    "count": 14063,
    "wins": 5995,
    "win_percentage": 0.4262959539216383
  },
  "15, 23": {
    "count": 31973,
    "wins": 14495,
    "win_percentage": 0.4533512651299534
  },
  "1, 16": {
    "count": 4020,
    "wins": 1663,
    "win_percentage": 0.413681592039801
  }
}